DATE,vix,nfci,stlfsi
2000-01-03,24.21,,
2000-01-04,27.01,,
2000-01-05,26.41,,
2000-01-06,25.73,,
2000-01-07,21.72,-0.181,-0.0067
2000-01-10,21.71,,
2000-01-11,22.5,,
2000-01-12,22.84,,
2000-01-13,21.71,,
2000-01-14,19.66,-0.192,-0.0413
2000-01-18,21.5,,
2000-01-19,21.72,,
2000-01-20,21.75,,
2000-01-21,20.82,-0.202,0.0117
2000-01-24,24.07,,
2000-01-25,23.02,,
2000-01-26,23.03,,
2000-01-27,23.54,,
2000-01-28,26.14,-0.21,0.0774
2000-01-31,24.95,,
2000-02-01,23.45,,
2000-02-02,23.12,,
2000-02-03,22.01,,
2000-02-04,21.54,-0.212,-0.051
2000-02-07,22.79,,
2000-02-08,21.25,,
2000-02-09,22.9,,
2000-02-10,23.07,,
2000-02-11,24.42,-0.209,0.1015
2000-02-14,24.38,,
2000-02-15,22.92,,
2000-02-16,23.51,,
2000-02-17,23.17,,
2000-02-18,26.0,-0.201,0.1662
2000-02-22,25.86,,
2000-02-23,23.89,,
2000-02-24,24.38,,
2000-02-25,25.2,-0.189,0.2701
2000-02-28,24.68,,
2000-02-29,23.37,,
2000-03-01,21.64,,
2000-03-02,21.06,,
2000-03-03,19.21,-0.172,-0.0075
2000-03-06,21.5,,
2000-03-07,24.31,,
2000-03-08,23.82,,
2000-03-09,22.21,,
2000-03-10,21.24,-0.152,0.0594
2000-03-13,22.85,,
2000-03-14,24.41,,
2000-03-15,22.34,,
2000-03-16,20.77,,
2000-03-17,22.37,-0.13,0.0121
2000-03-20,22.96,,
2000-03-21,21.7,,
2000-03-22,21.49,,
2000-03-23,22.26,,
2000-03-24,23.31,-0.108,-0.1309
2000-03-27,24.53,,
2000-03-28,24.86,,
2000-03-29,24.1,,
2000-03-30,25.47,,
2000-03-31,24.11,-0.087,0.2292
2000-04-03,24.03,,
2000-04-04,27.12,,
2000-04-05,28.41,,
2000-04-06,27.15,,
2000-04-07,24.39,-0.072,0.4557
2000-04-10,25.99,,
2000-04-11,27.25,,
2000-04-12,28.98,,
2000-04-13,29.4,,
2000-04-14,33.49,-0.058,0.4735
2000-04-17,28.95,,
2000-04-18,26.12,,
2000-04-19,27.02,,
2000-04-20,25.85,,
2000-04-21,,-0.045,0.4333
2000-04-24,27.37,,
2000-04-25,25.24,,
2000-04-26,26.97,,
2000-04-27,26.19,,
2000-04-28,26.2,-0.031,0.3003
2000-05-01,25.88,,
2000-05-02,28.5,,
2000-05-03,31.63,,
2000-05-04,30.77,,
2000-05-05,27.53,-0.016,0.4663
2000-05-08,28.2,,
2000-05-09,28.93,,
2000-05-10,29.87,,
2000-05-11,27.76,,
2000-05-12,26.05,-0.001,0.4933
2000-05-15,24.86,,
2000-05-16,24.34,,
2000-05-17,23.98,,
2000-05-18,23.96,,
2000-05-19,25.44,0.013,0.2514
2000-05-22,26.0,,
2000-05-23,25.87,,
2000-05-24,24.32,,
2000-05-25,24.58,,
2000-05-26,24.47,0.025,0.5903
2000-05-30,23.62,,
2000-05-31,23.65,,
2000-06-01,22.36,,
2000-06-02,21.48,0.032,0.4729
2000-06-05,22.71,,
2000-06-06,23.05,,
2000-06-07,22.48,,
2000-06-08,22.77,,
2000-06-09,22.14,0.033,0.4247
2000-06-12,22.32,,
2000-06-13,21.67,,
2000-06-14,21.48,,
2000-06-15,20.68,,
2000-06-16,20.5,0.029,0.399
2000-06-19,20.63,,
2000-06-20,20.88,,
2000-06-21,20.61,,
2000-06-22,22.0,,
2000-06-23,22.34,0.017,0.4373
2000-06-26,22.45,,
2000-06-27,21.8,,
2000-06-28,20.29,,
2000-06-29,19.7,,
2000-06-30,19.54,-0.001,0.3715
2000-07-03,19.83,,
2000-07-05,21.16,,
2000-07-06,20.94,,
2000-07-07,19.22,-0.025,0.2942
2000-07-10,20.33,,
2000-07-11,20.11,,
2000-07-12,20.03,,
2000-07-13,20.03,,
2000-07-14,19.32,-0.054,0.1528
2000-07-17,19.45,,
2000-07-18,19.75,,
2000-07-19,19.65,,
2000-07-20,18.94,,
2000-07-21,18.94,-0.085,0.0736
2000-07-24,19.92,,
2000-07-25,19.39,,
2000-07-26,19.67,,
2000-07-27,19.6,,
2000-07-28,20.84,-0.115,0.1327
2000-07-31,20.74,,
2000-08-01,20.55,,
2000-08-02,20.0,,
2000-08-03,19.99,,
2000-08-04,18.62,-0.143,0.1395
2000-08-07,19.03,,
2000-08-08,18.79,,
2000-08-09,19.18,,
2000-08-10,19.19,,
2000-08-11,18.55,-0.167,-0.0104
2000-08-14,17.88,,
2000-08-15,17.98,,
2000-08-16,18.02,,
2000-08-17,17.48,,
2000-08-18,17.05,-0.185,0.0039
2000-08-21,17.35,,
2000-08-22,17.47,,
2000-08-23,17.38,,
2000-08-24,17.04,,
2000-08-25,16.53,-0.197,0.0253
2000-08-28,16.54,,
2000-08-29,16.89,,
2000-08-30,17.69,,
2000-08-31,16.84,,
2000-09-01,17.53,-0.204,-0.0607
2000-09-05,19.82,,
2000-09-06,20.79,,
2000-09-07,19.42,,
2000-09-08,18.46,-0.207,0.073
2000-09-11,18.4,,
2000-09-12,18.59,,
2000-09-13,18.32,,
2000-09-14,18.26,,
2000-09-15,18.52,-0.205,0.0928
2000-09-18,20.25,,
2000-09-19,19.54,,
2000-09-20,19.93,,
2000-09-21,20.18,,
2000-09-22,20.74,-0.201,0.2604
2000-09-25,21.41,,
2000-09-26,21.88,,
2000-09-27,21.67,,
2000-09-28,19.47,,
2000-09-29,20.57,-0.196,0.1362
2000-10-02,21.23,,
2000-10-03,21.85,,
2000-10-04,21.54,,
2000-10-05,21.03,,
2000-10-06,22.71,-0.189,0.1898
2000-10-09,24.02,,
2000-10-10,24.86,,
2000-10-11,26.57,,
2000-10-12,30.51,,
2000-10-13,27.6,-0.181,0.6833
2000-10-16,26.79,,
2000-10-17,27.84,,
2000-10-18,28.72,,
2000-10-19,25.09,,
2000-10-20,24.24,-0.174,0.4894
2000-10-23,24.69,,
2000-10-24,24.28,,
2000-10-25,26.65,,
2000-10-26,28.62,,
2000-10-27,26.47,-0.167,0.3209
2000-10-30,25.46,,
2000-10-31,23.63,,
2000-11-01,24.28,,
2000-11-02,23.92,,
2000-11-03,23.67,-0.157,0.1262
2000-11-06,24.52,,
2000-11-07,24.91,,
2000-11-08,25.66,,
2000-11-09,27.2,,
2000-11-10,28.53,-0.143,0.3119
2000-11-13,29.06,,
2000-11-14,26.81,,
2000-11-15,26.15,,
2000-11-16,25.05,,
2000-11-17,24.81,-0.125,0.4123
2000-11-20,27.43,,
2000-11-21,26.62,,
2000-11-22,27.71,,
2000-11-24,26.0,-0.105,0.5536
2000-11-27,26.93,,
2000-11-28,27.64,,
2000-11-29,27.49,,
2000-11-30,29.65,,
2000-12-01,27.48,-0.085,0.5976
2000-12-04,27.78,,
2000-12-05,24.99,,
2000-12-06,25.07,,
2000-12-07,25.34,,
2000-12-08,22.41,-0.07,0.6415
2000-12-11,23.51,,
2000-12-12,24.88,,
2000-12-13,23.63,,
2000-12-14,24.86,,
2000-12-15,26.55,-0.064,0.4664
2000-12-18,27.7,,
2000-12-19,27.17,,
2000-12-20,31.74,,
2000-12-21,29.66,,
2000-12-22,27.55,-0.069,0.9218
2000-12-26,28.73,,
2000-12-27,28.14,,
2000-12-28,26.57,,
2000-12-29,26.85,-0.089,0.7101
2001-01-02,29.99,,
2001-01-03,26.6,,
2001-01-04,26.97,,
2001-01-05,28.67,-0.118,0.9321
2001-01-08,29.84,,
2001-01-09,27.99,,
2001-01-10,26.8,,
2001-01-11,25.79,,
2001-01-12,24.56,-0.153,0.5065
2001-01-16,25.28,,
2001-01-17,24.93,,
2001-01-18,23.37,,
2001-01-19,23.24,-0.19,0.2992
2001-01-22,23.25,,
2001-01-23,21.57,,
2001-01-24,22.03,,
2001-01-25,22.64,,
2001-01-26,22.57,-0.223,0.2704
2001-01-29,22.61,,
2001-01-30,22.57,,
2001-01-31,22.02,,
2001-02-01,21.66,,
2001-02-02,21.95,-0.249,0.4168
2001-02-05,22.19,,
2001-02-06,21.98,,
2001-02-07,21.67,,
2001-02-08,21.46,,
2001-02-09,22.03,-0.268,0.3866
2001-02-12,21.92,,
2001-02-13,21.37,,
2001-02-14,21.52,,
2001-02-15,20.27,,
2001-02-16,22.12,-0.277,0.2967
2001-02-20,24.69,,
2001-02-21,25.75,,
2001-02-22,26.76,,
2001-02-23,27.21,-0.276,0.6675
2001-02-26,25.43,,
2001-02-27,26.49,,
2001-02-28,28.35,,
2001-03-01,28.08,,
2001-03-02,27.43,-0.27,0.5625
2001-03-05,27.12,,
2001-03-06,25.89,,
2001-03-07,24.12,,
2001-03-08,24.29,,
2001-03-09,25.62,-0.261,0.4209
2001-03-12,30.32,,
2001-03-13,27.55,,
2001-03-14,29.61,,
2001-03-15,28.56,,
2001-03-16,29.91,-0.252,0.8019
2001-03-19,29.78,,
2001-03-20,30.96,,
2001-03-21,31.93,,
2001-03-22,32.84,,
2001-03-23,30.45,-0.248,1.0718
2001-03-26,29.04,,
2001-03-27,27.04,,
2001-03-28,28.58,,
2001-03-29,29.17,,
2001-03-30,28.64,-0.252,0.5423
2001-04-02,31.21,,
2001-04-03,34.72,,
2001-04-04,34.07,,
2001-04-05,29.94,,
2001-04-06,31.69,-0.261,1.0499
2001-04-09,31.91,,
2001-04-10,29.44,,
2001-04-11,28.46,,
2001-04-12,26.12,,
2001-04-13,,-0.281,0.7424
2001-04-16,26.33,,
2001-04-17,25.61,,
2001-04-18,24.13,,
2001-04-19,24.16,,
2001-04-20,25.38,-0.305,0.6393
2001-04-23,28.16,,
2001-04-24,28.49,,
2001-04-25,27.4,,
2001-04-26,25.96,,
2001-04-27,24.02,-0.332,0.7794
2001-04-30,25.48,,
2001-05-01,24.2,,
2001-05-02,24.23,,
2001-05-03,25.78,,
2001-05-04,23.91,-0.359,0.3217
2001-05-07,24.86,,
2001-05-08,24.44,,
2001-05-09,24.35,,
2001-05-10,24.0,,
2001-05-11,23.54,-0.385,0.4268
2001-05-14,24.26,,
2001-05-15,23.71,,
2001-05-16,21.89,,
2001-05-17,21.47,,
2001-05-18,21.23,-0.404,0.4393
2001-05-21,20.76,,
2001-05-22,21.35,,
2001-05-23,22.08,,
2001-05-24,20.57,,
2001-05-25,20.6,-0.42,0.3761
2001-05-29,22.14,,
2001-05-30,22.76,,
2001-05-31,22.64,,
2001-06-01,21.59,-0.431,0.423
2001-06-04,21.38,,
2001-06-05,19.58,,
2001-06-06,20.39,,
2001-06-07,19.67,,
2001-06-08,19.92,-0.439,0.3956
2001-06-11,20.7,,
2001-06-12,20.7,,
2001-06-13,21.45,,
2001-06-14,23.12,,
2001-06-15,22.81,-0.445,0.4738
2001-06-18,23.17,,
2001-06-19,22.34,,
2001-06-20,21.71,,
2001-06-21,19.38,,
2001-06-22,20.02,-0.45,0.514
2001-06-25,20.67,,
2001-06-26,21.2,,
2001-06-27,20.88,,
2001-06-28,20.01,,
2001-06-29,19.06,-0.457,0.3202
2001-07-02,18.76,,
2001-07-03,18.92,,
2001-07-05,20.09,,
2001-07-06,21.63,-0.466,0.2872
2001-07-09,22.48,,
2001-07-10,23.25,,
2001-07-11,24.01,,
2001-07-12,22.09,,
2001-07-13,21.14,-0.477,0.5683
2001-07-16,22.91,,
2001-07-17,22.61,,
2001-07-18,23.6,,
2001-07-19,22.51,,
2001-07-20,22.34,-0.487,0.459
2001-07-23,23.74,,
2001-07-24,25.24,,
2001-07-25,24.0,,
2001-07-26,23.01,,
2001-07-27,22.0,-0.496,0.3369
2001-07-30,22.69,,
2001-07-31,21.62,,
2001-08-01,20.56,,
2001-08-02,20.09,,
2001-08-03,19.89,-0.501,0.2626
2001-08-06,21.89,,
2001-08-07,21.01,,
2001-08-08,22.32,,
2001-08-09,21.75,,
2001-08-10,20.55,-0.496,0.2761
2001-08-13,20.42,,
2001-08-14,20.48,,
2001-08-15,20.91,,
2001-08-16,21.54,,
2001-08-17,23.84,-0.483,0.39
2001-08-20,22.87,,
2001-08-21,24.4,,
2001-08-22,22.44,,
2001-08-23,22.23,,
2001-08-24,19.71,-0.459,0.4874
2001-08-27,20.56,,
2001-08-28,22.0,,
2001-08-29,23.03,,
2001-08-30,25.41,,
2001-08-31,24.92,-0.428,0.4105
2001-09-04,25.85,,
2001-09-05,26.35,,
2001-09-06,28.61,,
2001-09-07,30.99,-0.395,0.5185
2001-09-10,31.84,,
2001-09-14,,-0.364,1.4999
2001-09-17,41.76,,
2001-09-18,38.87,,
2001-09-19,40.56,,
2001-09-20,43.74,,
2001-09-21,42.66,-0.342,2.0184
2001-09-24,37.75,,
2001-09-25,35.81,,
2001-09-26,35.26,,
2001-09-27,34.0,,
2001-09-28,31.93,-0.335,0.7583
2001-10-01,32.32,,
2001-10-02,31.18,,
2001-10-03,31.34,,
2001-10-04,31.97,,
2001-10-05,33.39,-0.337,1.1495
2001-10-08,35.12,,
2001-10-09,34.83,,
2001-10-10,31.6,,
2001-10-11,31.5,,
2001-10-12,35.27,-0.348,0.8803
2001-10-15,35.31,,
2001-10-16,32.88,,
2001-10-17,35.08,,
2001-10-18,34.95,,
2001-10-19,34.11,-0.363,0.7842
2001-10-22,32.25,,
2001-10-23,32.0,,
2001-10-24,30.95,,
2001-10-25,29.46,,
2001-10-26,28.42,-0.379,0.7608
2001-10-29,31.64,,
2001-10-30,33.46,,
2001-10-31,33.56,,
2001-11-01,32.31,,
2001-11-02,30.71,-0.391,1.0716
2001-11-05,30.5,,
2001-11-06,28.8,,
2001-11-07,29.13,,
2001-11-08,28.62,,
2001-11-09,27.44,-0.396,0.8616
2001-11-12,29.35,,
2001-11-13,26.47,,
2001-11-14,26.56,,
2001-11-15,25.56,,
2001-11-16,25.07,-0.394,0.3952
2001-11-19,24.46,,
2001-11-20,24.12,,
2001-11-21,24.19,,
2001-11-23,23.25,-0.384,0.5253
2001-11-26,23.79,,
2001-11-27,24.0,,
2001-11-28,25.9,,
2001-11-29,25.18,,
2001-11-30,23.84,-0.371,0.7043
2001-12-03,25.77,,
2001-12-04,24.08,,
2001-12-05,23.02,,
2001-12-06,23.71,,
2001-12-07,23.49,-0.358,0.7971
2001-12-10,25.62,,
2001-12-11,25.3,,
2001-12-12,24.87,,
2001-12-13,25.91,,
2001-12-14,24.63,-0.352,0.7904
2001-12-17,24.26,,
2001-12-18,23.29,,
2001-12-19,22.58,,
2001-12-20,23.67,,
2001-12-21,22.5,-0.354,0.7736
2001-12-24,22.62,,
2001-12-26,22.29,,
2001-12-27,21.59,,
2001-12-28,21.4,-0.367,0.609
2001-12-31,23.8,,
2002-01-02,22.71,,
2002-01-03,21.34,,
2002-01-04,20.45,-0.387,0.5688
2002-01-07,21.94,,
2002-01-08,21.83,,
2002-01-09,22.13,,
2002-01-10,22.36,,
2002-01-11,22.6,-0.412,0.5562
2002-01-14,23.58,,
2002-01-15,22.7,,
2002-01-16,23.45,,
2002-01-17,22.25,,
2002-01-18,22.52,-0.437,0.6099
2002-01-22,23.61,,
2002-01-23,21.88,,
2002-01-24,21.15,,
2002-01-25,21.01,-0.459,0.3697
2002-01-28,21.14,,
2002-01-29,24.35,,
2002-01-30,23.22,,
2002-01-31,21.09,,
2002-02-01,21.12,-0.474,0.5242
2002-02-04,24.87,,
2002-02-05,25.45,,
2002-02-06,26.09,,
2002-02-07,25.11,,
2002-02-08,23.26,-0.484,0.6873
2002-02-11,21.78,,
2002-02-12,21.62,,
2002-02-13,20.85,,
2002-02-14,21.77,,
2002-02-15,22.37,-0.488,0.3838
2002-02-19,24.43,,
2002-02-20,22.66,,
2002-02-21,23.8,,
2002-02-22,22.86,-0.489,0.5636
2002-02-25,21.84,,
2002-02-26,21.68,,
2002-02-27,21.49,,
2002-02-28,21.59,,
2002-03-01,19.96,-0.488,0.396
2002-03-04,20.5,,
2002-03-05,20.3,,
2002-03-06,19.94,,
2002-03-07,20.04,,
2002-03-08,19.27,-0.487,0.2016
2002-03-11,19.84,,
2002-03-12,19.59,,
2002-03-13,19.46,,
2002-03-14,19.2,,
2002-03-15,18.42,-0.487,0.1724
2002-03-18,18.93,,
2002-03-19,18.16,,
2002-03-20,18.46,,
2002-03-21,18.15,,
2002-03-22,17.77,-0.491,0.299
2002-03-25,18.48,,
2002-03-26,18.13,,
2002-03-27,17.7,,
2002-03-28,17.4,,
2002-03-29,,-0.5,0.3572
2002-04-01,18.73,,
2002-04-02,19.16,,
2002-04-03,20.2,,
2002-04-04,19.78,,
2002-04-05,19.13,-0.513,0.4561
2002-04-08,19.61,,
2002-04-09,19.47,,
2002-04-10,18.19,,
2002-04-11,20.3,,
2002-04-12,19.42,-0.532,0.4198
2002-04-15,19.82,,
2002-04-16,18.11,,
2002-04-17,18.43,,
2002-04-18,19.29,,
2002-04-19,18.3,-0.554,0.3108
2002-04-22,19.77,,
2002-04-23,20.28,,
2002-04-24,20.77,,
2002-04-25,20.95,,
2002-04-26,22.14,-0.577,0.3953
2002-04-29,24.05,,
2002-04-30,21.91,,
2002-05-01,20.06,,
2002-05-02,20.07,,
2002-05-03,20.19,-0.599,0.2795
2002-05-06,22.56,,
2002-05-07,21.94,,
2002-05-08,20.39,,
2002-05-09,21.56,,
2002-05-10,22.41,-0.615,0.3699
2002-05-13,20.72,,
2002-05-14,19.35,,
2002-05-15,19.19,,
2002-05-16,18.5,,
2002-05-17,17.7,-0.626,0.1684
2002-05-20,19.24,,
2002-05-21,20.05,,
2002-05-22,19.58,,
2002-05-23,18.23,,
2002-05-24,18.9,-0.628,0.3796
2002-05-28,20.31,,
2002-05-29,20.39,,
2002-05-30,20.61,,
2002-05-31,19.98,-0.621,0.3584
2002-06-03,23.37,,
2002-06-04,23.89,,
2002-06-05,22.61,,
2002-06-06,24.16,,
2002-06-07,23.51,-0.607,0.5419
2002-06-10,23.72,,
2002-06-11,24.45,,
2002-06-12,24.15,,
2002-06-13,25.02,,
2002-06-14,25.96,-0.587,0.6409
2002-06-17,24.64,,
2002-06-18,24.24,,
2002-06-19,26.06,,
2002-06-20,27.48,,
2002-06-21,27.23,-0.562,0.6677
2002-06-24,26.98,,
2002-06-25,27.84,,
2002-06-26,28.42,,
2002-06-27,26.29,,
2002-06-28,25.4,-0.535,0.9998
2002-07-01,27.11,,
2002-07-02,28.96,,
2002-07-03,29.42,,
2002-07-05,27.11,-0.507,0.7924
2002-07-08,28.25,,
2002-07-09,30.22,,
2002-07-10,34.1,,
2002-07-11,33.85,,
2002-07-12,32.94,-0.48,0.9326
2002-07-15,35.03,,
2002-07-16,36.65,,
2002-07-17,35.45,,
2002-07-18,35.12,,
2002-07-19,38.17,-0.457,1.0556
2002-07-22,41.87,,
2002-07-23,44.92,,
2002-07-24,39.86,,
2002-07-25,39.27,,
2002-07-26,35.51,-0.436,1.535
2002-07-29,31.33,,
2002-07-30,31.92,,
2002-07-31,32.03,,
2002-08-01,36.95,,
2002-08-02,41.29,-0.422,0.9415
2002-08-05,45.08,,
2002-08-06,42.03,,
2002-08-07,38.73,,
2002-08-08,36.33,,
2002-08-09,35.33,-0.411,1.3263
2002-08-12,37.05,,
2002-08-13,35.82,,
2002-08-14,32.36,,
2002-08-15,29.43,,
2002-08-16,28.81,-0.403,1.0747
2002-08-19,28.61,,
2002-08-20,29.59,,
2002-08-21,28.23,,
2002-08-22,27.75,,
2002-08-23,29.32,-0.395,0.8657
2002-08-26,29.89,,
2002-08-27,30.11,,
2002-08-28,33.32,,
2002-08-29,33.67,,
2002-08-30,32.64,-0.386,0.8587
2002-09-03,39.97,,
2002-09-04,37.44,,
2002-09-05,38.86,,
2002-09-06,36.33,-0.376,1.3511
2002-09-09,36.45,,
2002-09-10,35.08,,
2002-09-11,34.81,,
2002-09-12,37.5,,
2002-09-13,35.82,-0.366,1.016
2002-09-16,36.74,,
2002-09-17,38.01,,
2002-09-18,37.52,,
2002-09-19,40.65,,
2002-09-20,38.98,-0.356,1.3194
2002-09-23,39.68,,
2002-09-24,40.52,,
2002-09-25,37.33,,
2002-09-26,34.6,,
2002-09-27,36.97,-0.351,1.454
2002-09-30,39.69,,
2002-10-01,34.12,,
2002-10-02,36.83,,
2002-10-03,37.31,,
2002-10-04,39.46,-0.35,1.2679
2002-10-07,42.64,,
2002-10-08,41.02,,
2002-10-09,42.13,,
2002-10-10,37.55,,
2002-10-11,35.7,-0.356,1.5624
2002-10-14,36.04,,
2002-10-15,34.02,,
2002-10-16,36.0,,
2002-10-17,34.1,,
2002-10-18,33.53,-0.368,0.77
2002-10-21,33.11,,
2002-10-22,34.09,,
2002-10-23,33.2,,
2002-10-24,34.03,,
2002-10-25,30.0,-0.383,1.0054
2002-10-28,31.07,,
2002-10-29,32.27,,
2002-10-30,31.23,,
2002-10-31,31.14,,
2002-11-01,29.3,-0.401,1.2305
2002-11-04,30.82,,
2002-11-05,31.23,,
2002-11-06,30.73,,
2002-11-07,31.42,,
2002-11-08,29.41,-0.419,1.0776
2002-11-11,31.3,,
2002-11-12,30.58,,
2002-11-13,31.24,,
2002-11-14,28.67,,
2002-11-15,26.65,-0.434,1.0192
2002-11-18,27.66,,
2002-11-19,27.41,,
2002-11-20,25.32,,
2002-11-21,23.81,,
2002-11-22,23.16,-0.444,0.533
2002-11-25,24.07,,
2002-11-26,25.97,,
2002-11-27,27.25,,
2002-11-29,27.5,-0.451,0.6902
2002-12-02,27.46,,
2002-12-03,28.33,,
2002-12-04,28.92,,
2002-12-05,30.1,,
2002-12-06,28.88,-0.454,0.8768
2002-12-09,30.78,,
2002-12-10,28.76,,
2002-12-11,27.76,,
2002-12-12,27.29,,
2002-12-13,28.18,-0.457,0.8941
2002-12-16,26.24,,
2002-12-17,26.66,,
2002-12-18,28.29,,
2002-12-19,30.21,,
2002-12-20,26.71,-0.461,0.6795
2002-12-23,26.2,,
2002-12-24,26.49,,
2002-12-26,27.37,,
2002-12-27,29.55,-0.468,0.9191
2002-12-30,29.62,,
2002-12-31,28.62,,
2003-01-02,25.39,,
2003-01-03,24.68,-0.479,0.9372
2003-01-06,24.91,,
2003-01-07,25.13,,
2003-01-08,25.53,,
2003-01-09,24.25,,
2003-01-10,24.32,-0.492,0.4805
2003-01-13,24.9,,
2003-01-14,24.57,,
2003-01-15,25.51,,
2003-01-16,25.01,,
2003-01-17,25.7,-0.504,0.6703
2003-01-21,27.59,,
2003-01-22,29.01,,
2003-01-23,27.53,,
2003-01-24,31.51,-0.514,0.9562
2003-01-27,34.69,,
2003-01-28,31.93,,
2003-01-29,31.26,,
2003-01-30,31.32,,
2003-01-31,31.17,-0.521,0.9339
2003-02-03,31.02,,
2003-02-04,32.76,,
2003-02-05,33.04,,
2003-02-06,33.35,,
2003-02-07,34.01,-0.525,0.9634
2003-02-10,33.99,,
2003-02-11,33.68,,
2003-02-12,34.33,,
2003-02-13,33.7,,
2003-02-14,32.62,-0.528,0.916
2003-02-18,31.11,,
2003-02-19,31.31,,
2003-02-20,31.16,,
2003-02-21,30.25,-0.53,0.6897
2003-02-24,31.98,,
2003-02-25,31.74,,
2003-02-26,31.94,,
2003-02-27,30.53,,
2003-02-28,29.63,-0.535,0.6843
2003-03-03,30.43,,
2003-03-04,31.83,,
2003-03-05,30.38,,
2003-03-06,31.37,,
2003-03-07,31.08,-0.541,0.7466
2003-03-10,33.31,,
2003-03-11,33.61,,
2003-03-12,33.51,,
2003-03-13,31.76,,
2003-03-14,30.98,-0.551,0.8052
2003-03-17,31.75,,
2003-03-18,30.43,,
2003-03-19,31.54,,
2003-03-20,30.44,,
2003-03-21,28.67,-0.566,0.4664
2003-03-24,30.39,,
2003-03-25,28.75,,
2003-03-26,28.23,,
2003-03-27,27.96,,
2003-03-28,27.75,-0.585,0.6656
2003-03-31,29.15,,
2003-04-01,28.36,,
2003-04-02,28.02,,
2003-04-03,28.21,,
2003-04-04,29.13,-0.609,0.568
2003-04-07,28.45,,
2003-04-08,27.13,,
2003-04-09,27.11,,
2003-04-10,25.6,,
2003-04-11,24.44,-0.634,0.449
2003-04-14,23.41,,
2003-04-15,22.56,,
2003-04-16,22.52,,
2003-04-17,21.5,,
2003-04-18,,-0.658,0.2707
2003-04-21,21.95,,
2003-04-22,20.7,,
2003-04-23,20.8,,
2003-04-24,20.33,,
2003-04-25,20.8,-0.68,0.2619
2003-04-28,20.84,,
2003-04-29,20.76,,
2003-04-30,21.21,,
2003-05-01,21.59,,
2003-05-02,20.63,-0.696,0.2196
2003-05-05,21.13,,
2003-05-06,20.8,,
2003-05-07,21.0,,
2003-05-08,21.24,,
2003-05-09,19.69,-0.706,0.2593
2003-05-12,19.52,,
2003-05-13,19.91,,
2003-05-14,20.0,,
2003-05-15,19.24,,
2003-05-16,18.4,-0.71,0.3628
2003-05-19,20.51,,
2003-05-20,21.29,,
2003-05-21,21.21,,
2003-05-22,19.78,,
2003-05-23,19.17,-0.71,0.6006
2003-05-27,19.99,,
2003-05-28,20.03,,
2003-05-29,20.43,,
2003-05-30,19.47,-0.709,0.411
2003-06-02,20.85,,
2003-06-03,20.84,,
2003-06-04,20.62,,
2003-06-05,20.83,,
2003-06-06,21.25,-0.707,0.34
2003-06-09,22.15,,
2003-06-10,20.64,,
2003-06-11,20.21,,
2003-06-12,20.41,,
2003-06-13,20.66,-0.706,0.3944
2003-06-16,20.22,,
2003-06-17,20.01,,
2003-06-18,19.76,,
2003-06-19,19.8,,
2003-06-20,19.14,-0.707,0.2389
2003-06-23,20.58,,
2003-06-24,20.75,,
2003-06-25,20.81,,
2003-06-26,19.4,,
2003-06-27,19.16,-0.71,0.4514
2003-06-30,19.52,,
2003-07-01,19.46,,
2003-07-02,19.03,,
2003-07-03,19.39,,
2003-07-04,,-0.713,0.3788
2003-07-07,20.06,,
2003-07-08,19.48,,
2003-07-09,18.93,,
2003-07-10,19.19,,
2003-07-11,18.47,-0.714,0.254
2003-07-14,19.59,,
2003-07-15,19.55,,
2003-07-16,19.76,,
2003-07-17,20.22,,
2003-07-18,19.11,-0.713,0.1129
2003-07-21,19.78,,
2003-07-22,19.17,,
2003-07-23,18.64,,
2003-07-24,18.6,,
2003-07-25,17.75,-0.708,0.1358
2003-07-28,18.36,,
2003-07-29,18.67,,
2003-07-30,18.85,,
2003-07-31,19.49,,
2003-08-01,20.75,-0.698,0.292
2003-08-04,21.27,,
2003-08-05,22.68,,
2003-08-06,21.5,,
2003-08-07,20.26,,
2003-08-08,19.59,-0.689,0.5594
2003-08-11,19.75,,
2003-08-12,17.94,,
2003-08-13,18.77,,
2003-08-14,18.47,,
2003-08-15,18.27,-0.679,0.1639
2003-08-18,18.18,,
2003-08-19,17.86,,
2003-08-20,17.82,,
2003-08-21,17.84,,
2003-08-22,18.55,-0.671,0.1775
2003-08-25,19.53,,
2003-08-26,19.49,,
2003-08-27,19.13,,
2003-08-28,18.48,,
2003-08-29,18.63,-0.666,0.0808
2003-09-02,19.02,,
2003-09-03,19.44,,
2003-09-04,18.71,,
2003-09-05,18.17,-0.664,0.1129
2003-09-08,18.26,,
2003-09-09,18.85,,
2003-09-10,20.01,,
2003-09-11,19.25,,
2003-09-12,18.68,-0.666,0.2109
2003-09-15,19.28,,
2003-09-16,18.03,,
2003-09-17,18.15,,
2003-09-18,17.57,,
2003-09-19,17.54,-0.671,-0.0742
2003-09-22,19.65,,
2003-09-23,19.47,,
2003-09-24,21.22,,
2003-09-25,22.26,,
2003-09-26,22.23,-0.678,0.0369
2003-09-29,21.67,,
2003-09-30,22.72,,
2003-10-01,21.07,,
2003-10-02,20.8,,
2003-10-03,19.5,-0.686,0.1325
2003-10-06,19.51,,
2003-10-07,19.41,,
2003-10-08,19.18,,
2003-10-09,18.82,,
2003-10-10,18.45,-0.694,-0.1672
2003-10-13,17.55,,
2003-10-14,17.37,,
2003-10-15,17.69,,
2003-10-16,17.19,,
2003-10-17,17.62,-0.702,-0.3403
2003-10-20,17.04,,
2003-10-21,16.55,,
2003-10-22,17.67,,
2003-10-23,17.68,,
2003-10-24,17.71,-0.708,-0.0856
2003-10-27,18.05,,
2003-10-28,16.82,,
2003-10-29,16.43,,
2003-10-30,16.33,,
2003-10-31,16.1,-0.712,-0.2272
2003-11-03,16.55,,
2003-11-04,16.55,,
2003-11-05,16.86,,
2003-11-06,16.74,,
2003-11-07,16.93,-0.714,-0.2996
2003-11-10,17.62,,
2003-11-11,17.54,,
2003-11-12,16.75,,
2003-11-13,16.47,,
2003-11-14,16.94,-0.715,-0.194
2003-11-17,18.6,,
2003-11-18,19.11,,
2003-11-19,18.8,,
2003-11-20,19.48,,
2003-11-21,18.98,-0.713,-0.0598
2003-11-24,17.44,,
2003-11-25,16.71,,
2003-11-26,16.23,,
2003-11-28,16.32,-0.712,-0.3492
2003-12-01,16.77,,
2003-12-02,16.27,,
2003-12-03,16.63,,
2003-12-04,16.3,,
2003-12-05,17.09,-0.71,-0.2649
2003-12-08,16.54,,
2003-12-09,17.63,,
2003-12-10,17.87,,
2003-12-11,16.73,,
2003-12-12,16.41,-0.711,-0.2306
2003-12-15,17.23,,
2003-12-16,15.93,,
2003-12-17,15.58,,
2003-12-18,16.16,,
2003-12-19,16.42,-0.714,-0.2353
2003-12-22,16.94,,
2003-12-23,16.49,,
2003-12-24,16.66,,
2003-12-26,17.45,-0.72,-0.223
2003-12-29,17.09,,
2003-12-30,17.68,,
2003-12-31,18.31,,
2004-01-02,18.22,-0.73,-0.27
2004-01-05,17.49,,
2004-01-06,16.73,,
2004-01-07,15.5,,
2004-01-08,15.61,,
2004-01-09,16.75,-0.744,-0.3553
2004-01-12,16.82,,
2004-01-13,18.04,,
2004-01-14,16.75,,
2004-01-15,15.56,,
2004-01-16,15.0,-0.757,-0.3363
2004-01-20,15.21,,
2004-01-21,14.34,,
2004-01-22,14.71,,
2004-01-23,14.84,-0.771,-0.4474
2004-01-26,14.55,,
2004-01-27,15.35,,
2004-01-28,16.78,,
2004-01-29,17.14,,
2004-01-30,16.63,-0.783,-0.3782
2004-02-02,17.11,,
2004-02-03,17.34,,
2004-02-04,17.87,,
2004-02-05,17.71,,
2004-02-06,16.0,-0.793,-0.3592
2004-02-09,16.39,,
2004-02-10,15.94,,
2004-02-11,15.39,,
2004-02-12,15.31,,
2004-02-13,15.58,-0.802,-0.4375
2004-02-17,15.4,,
2004-02-18,15.59,,
2004-02-19,15.8,,
2004-02-20,16.04,-0.808,-0.4715
2004-02-23,16.29,,
2004-02-24,15.9,,
2004-02-25,14.93,,
2004-02-26,14.83,,
2004-02-27,14.55,-0.811,-0.4953
2004-03-01,14.44,,
2004-03-02,14.86,,
2004-03-03,14.55,,
2004-03-04,14.4,,
2004-03-05,14.48,-0.812,-0.6517
2004-03-08,15.79,,
2004-03-09,16.6,,
2004-03-10,18.67,,
2004-03-11,20.67,,
2004-03-12,18.3,-0.81,-0.2949
2004-03-15,21.13,,
2004-03-16,20.34,,
2004-03-17,18.11,,
2004-03-18,18.53,,
2004-03-19,19.15,-0.806,-0.3407
2004-03-22,21.58,,
2004-03-23,20.67,,
2004-03-24,19.81,,
2004-03-25,17.88,,
2004-03-26,17.33,-0.8,-0.2995
2004-03-29,16.5,,
2004-03-30,16.28,,
2004-03-31,16.74,,
2004-04-01,16.65,,
2004-04-02,15.64,-0.791,-0.6531
2004-04-05,14.97,,
2004-04-06,15.32,,
2004-04-07,15.76,,
2004-04-08,16.26,,
2004-04-09,,-0.781,-0.5803
2004-04-12,15.28,,
2004-04-13,17.26,,
2004-04-14,15.62,,
2004-04-15,15.74,,
2004-04-16,14.94,-0.768,-0.4616
2004-04-19,15.42,,
2004-04-20,16.67,,
2004-04-21,15.6,,
2004-04-22,14.61,,
2004-04-23,14.01,-0.753,-0.4379
2004-04-26,14.77,,
2004-04-27,15.07,,
2004-04-28,16.29,,
2004-04-29,16.6,,
2004-04-30,17.19,-0.738,-0.3926
2004-05-03,16.62,,
2004-05-04,16.55,,
2004-05-05,15.77,,
2004-05-06,17.05,,
2004-05-07,18.13,-0.723,-0.3951
2004-05-10,19.77,,
2004-05-11,18.57,,
2004-05-12,18.14,,
2004-05-13,18.86,,
2004-05-14,18.47,-0.711,-0.3001
2004-05-17,19.96,,
2004-05-18,19.33,,
2004-05-19,18.93,,
2004-05-20,18.67,,
2004-05-21,18.49,-0.701,-0.4457
2004-05-24,18.08,,
2004-05-25,15.96,,
2004-05-26,15.97,,
2004-05-27,15.28,,
2004-05-28,15.5,-0.693,-0.5714
2004-06-01,16.3,,
2004-06-02,16.08,,
2004-06-03,17.03,,
2004-06-04,16.78,-0.688,-0.548
2004-06-07,15.39,,
2004-06-08,15.01,,
2004-06-09,15.39,,
2004-06-10,15.04,,
2004-06-11,15.04,-0.685,-0.7347
2004-06-14,16.07,,
2004-06-15,15.05,,
2004-06-16,14.79,,
2004-06-17,15.15,,
2004-06-18,14.99,-0.684,-0.5067
2004-06-21,15.26,,
2004-06-22,14.31,,
2004-06-23,13.98,,
2004-06-24,14.81,,
2004-06-25,15.19,-0.684,-0.5291
2004-06-28,16.07,,
2004-06-29,15.47,,
2004-06-30,14.34,,
2004-07-01,15.2,,
2004-07-02,15.08,-0.685,-0.4976
2004-07-06,16.25,,
2004-07-07,15.81,,
2004-07-08,16.2,,
2004-07-09,15.78,-0.687,-0.3877
2004-07-12,14.96,,
2004-07-13,14.46,,
2004-07-14,13.76,,
2004-07-15,14.71,,
2004-07-16,14.34,-0.689,-0.5463
2004-07-19,15.17,,
2004-07-20,14.17,,
2004-07-21,16.41,,
2004-07-22,15.75,,
2004-07-23,16.5,-0.691,-0.5365
2004-07-26,17.3,,
2004-07-27,16.55,,
2004-07-28,16.15,,
2004-07-29,15.68,,
2004-07-30,15.32,-0.693,-0.5285
2004-08-02,15.37,,
2004-08-03,16.03,,
2004-08-04,16.21,,
2004-08-05,18.32,,
2004-08-06,19.34,-0.695,-0.3095
2004-08-09,18.89,,
2004-08-10,17.47,,
2004-08-11,18.04,,
2004-08-12,19.08,,
2004-08-13,17.98,-0.696,-0.4741
2004-08-16,17.57,,
2004-08-17,17.02,,
2004-08-18,16.23,,
2004-08-19,16.96,,
2004-08-20,16.0,-0.698,-0.496
2004-08-23,15.88,,
2004-08-24,15.33,,
2004-08-25,14.98,,
2004-08-26,14.91,,
2004-08-27,14.71,-0.699,-0.6224
2004-08-30,15.44,,
2004-08-31,15.29,,
2004-09-01,14.91,,
2004-09-02,14.28,,
2004-09-03,13.91,-0.698,-0.5386
2004-09-07,14.07,,
2004-09-08,14.06,,
2004-09-09,14.01,,
2004-09-10,13.76,-0.698,-0.6505
2004-09-13,13.17,,
2004-09-14,13.56,,
2004-09-15,14.64,,
2004-09-16,14.39,,
2004-09-17,14.03,-0.698,-0.602
2004-09-20,14.43,,
2004-09-21,13.66,,
2004-09-22,14.74,,
2004-09-23,14.8,,
2004-09-24,14.28,-0.697,-0.6265
2004-09-27,14.62,,
2004-09-28,13.83,,
2004-09-29,13.21,,
2004-09-30,13.34,,
2004-10-01,12.75,-0.697,-0.6112
2004-10-04,13.41,,
2004-10-05,13.95,,
2004-10-06,13.28,,
2004-10-07,14.5,,
2004-10-08,15.05,-0.697,-0.5973
2004-10-11,14.71,,
2004-10-12,15.05,,
2004-10-13,15.42,,
2004-10-14,16.43,,
2004-10-15,15.04,-0.698,-0.4336
2004-10-18,14.71,,
2004-10-19,15.13,,
2004-10-20,14.85,,
2004-10-21,14.54,,
2004-10-22,15.28,-0.701,-0.4868
2004-10-25,16.58,,
2004-10-26,16.39,,
2004-10-27,15.72,,
2004-10-28,15.39,,
2004-10-29,16.27,-0.704,-0.6601
2004-11-01,16.27,,
2004-11-02,16.18,,
2004-11-03,14.04,,
2004-11-04,13.97,,
2004-11-05,13.84,-0.707,-0.7978
2004-11-08,13.8,,
2004-11-09,13.61,,
2004-11-10,13.08,,
2004-11-11,13.04,,
2004-11-12,13.33,-0.711,-0.835
2004-11-15,13.38,,
2004-11-16,13.21,,
2004-11-17,13.21,,
2004-11-18,12.98,,
2004-11-19,13.5,-0.713,-0.7601
2004-11-22,12.97,,
2004-11-23,12.67,,
2004-11-24,12.72,,
2004-11-26,12.79,-0.714,-0.8254
2004-11-29,13.3,,
2004-11-30,13.24,,
2004-12-01,12.97,,
2004-12-02,12.98,,
2004-12-03,12.96,-0.712,-0.7115
2004-12-06,13.19,,
2004-12-07,13.67,,
2004-12-08,13.19,,
2004-12-09,12.88,,
2004-12-10,12.76,-0.709,-0.6992
2004-12-13,12.54,,
2004-12-14,12.73,,
2004-12-15,12.35,,
2004-12-16,12.27,,
2004-12-17,11.95,-0.704,-0.8973
2004-12-20,11.83,,
2004-12-21,11.55,,
2004-12-22,11.45,,
2004-12-23,11.23,,
2004-12-24,,-0.699,-0.8335
2004-12-27,12.14,,
2004-12-28,12.0,,
2004-12-29,11.62,,
2004-12-30,12.56,,
2004-12-31,13.29,-0.695,-0.832
2005-01-03,14.08,,
2005-01-04,13.98,,
2005-01-05,14.09,,
2005-01-06,13.58,,
2005-01-07,13.49,-0.693,-0.7235
2005-01-10,13.23,,
2005-01-11,13.19,,
2005-01-12,12.56,,
2005-01-13,12.84,,
2005-01-14,12.43,-0.694,-0.6958
2005-01-18,12.47,,
2005-01-19,13.18,,
2005-01-20,13.83,,
2005-01-21,14.36,-0.697,-0.706
2005-01-24,14.65,,
2005-01-25,14.06,,
2005-01-26,13.44,,
2005-01-27,13.24,,
2005-01-28,13.24,-0.701,-0.7789
2005-01-31,12.82,,
2005-02-01,12.03,,
2005-02-02,11.66,,
2005-02-03,11.79,,
2005-02-04,11.21,-0.707,-0.8762
2005-02-07,11.73,,
2005-02-08,11.6,,
2005-02-09,12.0,,
2005-02-10,11.51,,
2005-02-11,11.43,-0.71,-0.838
2005-02-14,11.52,,
2005-02-15,11.27,,
2005-02-16,11.1,,
2005-02-17,11.77,,
2005-02-18,11.18,-0.711,-0.9458
2005-02-22,13.14,,
2005-02-23,12.39,,
2005-02-24,11.57,,
2005-02-25,11.49,-0.708,-0.9584
2005-02-28,12.08,,
2005-03-01,12.04,,
2005-03-02,12.5,,
2005-03-03,12.93,,
2005-03-04,11.94,-0.701,-0.9295
2005-03-07,12.26,,
2005-03-08,12.4,,
2005-03-09,12.7,,
2005-03-10,12.49,,
2005-03-11,12.8,-0.691,-0.9456
2005-03-14,12.39,,
2005-03-15,13.15,,
2005-03-16,13.49,,
2005-03-17,13.29,,
2005-03-18,13.14,-0.678,-0.7822
2005-03-21,13.61,,
2005-03-22,14.27,,
2005-03-23,14.06,,
2005-03-24,13.42,,
2005-03-25,,-0.664,-0.73
2005-03-28,13.75,,
2005-03-29,14.49,,
2005-03-30,13.64,,
2005-03-31,14.02,,
2005-04-01,14.09,-0.649,-0.7027
2005-04-04,14.11,,
2005-04-05,13.68,,
2005-04-06,13.15,,
2005-04-07,12.33,,
2005-04-08,12.62,-0.636,-0.7194
2005-04-11,11.98,,
2005-04-12,11.3,,
2005-04-13,13.31,,
2005-04-14,14.53,,
2005-04-15,17.74,-0.625,-0.6708
2005-04-18,16.56,,
2005-04-19,14.96,,
2005-04-20,16.92,,
2005-04-21,14.41,,
2005-04-22,15.38,-0.616,-0.6002
2005-04-25,14.62,,
2005-04-26,14.91,,
2005-04-27,14.87,,
2005-04-28,16.86,,
2005-04-29,15.31,-0.609,-0.7466
2005-05-02,15.12,,
2005-05-03,14.53,,
2005-05-04,13.85,,
2005-05-05,13.98,,
2005-05-06,14.05,-0.603,-0.7573
2005-05-09,13.75,,
2005-05-10,14.91,,
2005-05-11,14.45,,
2005-05-12,16.12,,
2005-05-13,16.32,-0.6,-0.5992
2005-05-16,15.68,,
2005-05-17,14.57,,
2005-05-18,13.63,,
2005-05-19,13.32,,
2005-05-20,13.14,-0.598,-0.5039
2005-05-23,12.95,,
2005-05-24,12.69,,
2005-05-25,12.58,,
2005-05-26,12.24,,
2005-05-27,12.15,-0.598,-0.7896
2005-05-31,13.29,,
2005-06-01,12.36,,
2005-06-02,11.84,,
2005-06-03,12.15,-0.598,-0.6908
2005-06-06,12.28,,
2005-06-07,12.39,,
2005-06-08,12.7,,
2005-06-09,12.08,,
2005-06-10,11.96,-0.599,-0.6861
2005-06-13,11.65,,
2005-06-14,11.79,,
2005-06-15,11.46,,
2005-06-16,11.15,,
2005-06-17,11.48,-0.6,-0.7845
2005-06-20,11.47,,
2005-06-21,11.08,,
2005-06-22,11.05,,
2005-06-23,12.13,,
2005-06-24,12.18,-0.602,-0.6672
2005-06-27,12.52,,
2005-06-28,11.58,,
2005-06-29,11.77,,
2005-06-30,12.04,,
2005-07-01,11.4,-0.604,-0.7842
2005-07-05,11.68,,
2005-07-06,12.27,,
2005-07-07,12.49,,
2005-07-08,11.45,-0.606,-0.7256
2005-07-11,11.28,,
2005-07-12,10.95,,
2005-07-13,10.84,,
2005-07-14,10.81,,
2005-07-15,10.33,-0.609,-0.8906
2005-07-18,10.77,,
2005-07-19,10.45,,
2005-07-20,10.23,,
2005-07-21,10.97,,
2005-07-22,10.52,-0.611,-0.8379
2005-07-25,11.1,,
2005-07-26,10.99,,
2005-07-27,10.36,,
2005-07-28,10.52,,
2005-07-29,11.57,-0.612,-0.9261
2005-08-01,12.08,,
2005-08-02,11.75,,
2005-08-03,11.83,,
2005-08-04,12.52,,
2005-08-05,12.48,-0.611,-0.9119
2005-08-08,13.21,,
2005-08-09,12.4,,
2005-08-10,12.38,,
2005-08-11,12.42,,
2005-08-12,12.74,-0.609,-0.8789
2005-08-15,12.26,,
2005-08-16,13.52,,
2005-08-17,13.3,,
2005-08-18,13.42,,
2005-08-19,13.42,-0.604,-0.8011
2005-08-22,13.42,,
2005-08-23,13.34,,
2005-08-24,14.17,,
2005-08-25,13.73,,
2005-08-26,13.72,-0.597,-0.8091
2005-08-29,13.52,,
2005-08-30,13.65,,
2005-08-31,12.6,,
2005-09-01,13.15,,
2005-09-02,13.57,-0.589,-0.6359
2005-09-06,12.93,,
2005-09-07,12.52,,
2005-09-08,12.93,,
2005-09-09,11.98,-0.582,-0.8296
2005-09-12,11.65,,
2005-09-13,12.39,,
2005-09-14,12.91,,
2005-09-15,12.49,,
2005-09-16,11.22,-0.574,-0.8365
2005-09-19,12.14,,
2005-09-20,12.64,,
2005-09-21,13.79,,
2005-09-22,13.33,,
2005-09-23,12.96,-0.569,-0.7796
2005-09-26,13.04,,
2005-09-27,12.76,,
2005-09-28,12.63,,
2005-09-29,12.24,,
2005-09-30,11.92,-0.566,-0.8409
2005-10-03,12.46,,
2005-10-04,13.2,,
2005-10-05,14.55,,
2005-10-06,14.96,,
2005-10-07,14.59,-0.566,-0.703
2005-10-10,15.55,,
2005-10-11,15.63,,
2005-10-12,16.22,,
2005-10-13,16.47,,
2005-10-14,14.87,-0.571,-0.569
2005-10-17,14.67,,
2005-10-18,15.33,,
2005-10-19,13.5,,
2005-10-20,16.11,,
2005-10-21,16.13,-0.576,-0.8257
2005-10-24,14.74,,
2005-10-25,14.53,,
2005-10-26,14.59,,
2005-10-27,16.02,,
2005-10-28,14.25,-0.582,-0.8645
2005-10-31,15.32,,
2005-11-01,14.85,,
2005-11-02,13.48,,
2005-11-03,13.0,,
2005-11-04,13.17,-0.586,-0.8998
2005-11-07,13.1,,
2005-11-08,13.08,,
2005-11-09,12.8,,
2005-11-10,11.9,,
2005-11-11,11.63,-0.587,-0.8296
2005-11-14,12.18,,
2005-11-15,12.23,,
2005-11-16,12.26,,
2005-11-17,11.25,,
2005-11-18,11.12,-0.585,-0.7184
2005-11-21,10.82,,
2005-11-22,10.6,,
2005-11-23,10.96,,
2005-11-25,10.88,-0.58,-0.7687
2005-11-28,11.84,,
2005-11-29,11.89,,
2005-11-30,12.06,,
2005-12-01,11.24,,
2005-12-02,11.01,-0.573,-0.7098
2005-12-05,11.6,,
2005-12-06,11.52,,
2005-12-07,12.18,,
2005-12-08,12.21,,
2005-12-09,11.69,-0.566,-0.7027
2005-12-12,11.47,,
2005-12-13,11.11,,
2005-12-14,10.48,,
2005-12-15,10.73,,
2005-12-16,10.68,-0.561,-0.7202
2005-12-19,11.38,,
2005-12-20,11.19,,
2005-12-21,10.81,,
2005-12-22,10.29,,
2005-12-23,10.27,-0.56,-0.6843
2005-12-27,11.57,,
2005-12-28,11.35,,
2005-12-29,11.61,,
2005-12-30,12.07,-0.562,-0.6423
2006-01-03,11.14,,
2006-01-04,11.37,,
2006-01-05,11.31,,
2006-01-06,11.0,-0.568,-0.84
2006-01-09,11.13,,
2006-01-10,10.86,,
2006-01-11,10.94,,
2006-01-12,11.2,,
2006-01-13,11.23,-0.578,-0.9893
2006-01-17,11.91,,
2006-01-18,12.25,,
2006-01-19,11.98,,
2006-01-20,14.56,-0.589,-0.8214
2006-01-23,13.93,,
2006-01-24,13.31,,
2006-01-25,12.87,,
2006-01-26,12.42,,
2006-01-27,11.97,-0.602,-0.9941
2006-01-30,12.39,,
2006-01-31,12.95,,
2006-02-01,12.36,,
2006-02-02,13.23,,
2006-02-03,12.96,-0.613,-1.0538
2006-02-06,13.04,,
2006-02-07,13.59,,
2006-02-08,12.83,,
2006-02-09,13.12,,
2006-02-10,12.87,-0.621,-0.9246
2006-02-13,13.35,,
2006-02-14,12.25,,
2006-02-15,12.31,,
2006-02-16,11.48,,
2006-02-17,12.01,-0.628,-1.0247
2006-02-21,12.41,,
2006-02-22,11.88,,
2006-02-23,11.87,,
2006-02-24,11.46,-0.632,-1.108
2006-02-27,11.59,,
2006-02-28,12.34,,
2006-03-01,11.54,,
2006-03-02,11.72,,
2006-03-03,11.96,-0.633,-1.0721
2006-03-06,12.74,,
2006-03-07,12.66,,
2006-03-08,12.32,,
2006-03-09,12.68,,
2006-03-10,11.85,-0.633,-0.9621
2006-03-13,11.37,,
2006-03-14,10.74,,
2006-03-15,11.35,,
2006-03-16,11.98,,
2006-03-17,12.12,-0.631,-1.0117
2006-03-20,11.79,,
2006-03-21,11.62,,
2006-03-22,11.21,,
2006-03-23,11.17,,
2006-03-24,11.19,-0.629,-1.0499
2006-03-27,11.46,,
2006-03-28,11.58,,
2006-03-29,10.95,,
2006-03-30,11.57,,
2006-03-31,11.39,-0.627,-1.043
2006-04-03,11.57,,
2006-04-04,11.14,,
2006-04-05,11.13,,
2006-04-06,11.45,,
2006-04-07,12.26,-0.625,-1.018
2006-04-10,12.19,,
2006-04-11,13.0,,
2006-04-12,12.76,,
2006-04-13,12.38,,
2006-04-14,,-0.623,-0.949
2006-04-17,12.58,,
2006-04-18,11.4,,
2006-04-19,11.32,,
2006-04-20,11.64,,
2006-04-21,11.59,-0.621,-1.034
2006-04-24,11.75,,
2006-04-25,11.75,,
2006-04-26,11.76,,
2006-04-27,11.84,,
2006-04-28,11.59,-0.618,-1.093
2006-05-01,12.54,,
2006-05-02,11.99,,
2006-05-03,11.99,,
2006-05-04,11.86,,
2006-05-05,11.62,-0.613,-1.1005
2006-05-08,12.0,,
2006-05-09,11.99,,
2006-05-10,11.78,,
2006-05-11,12.49,,
2006-05-12,14.19,-0.606,-1.1076
2006-05-15,13.57,,
2006-05-16,13.35,,
2006-05-17,16.26,,
2006-05-18,16.99,,
2006-05-19,17.18,-0.594,-0.8774
2006-05-22,17.72,,
2006-05-23,18.26,,
2006-05-24,17.36,,
2006-05-25,15.5,,
2006-05-26,14.26,-0.581,-0.7823
2006-05-30,18.66,,
2006-05-31,16.44,,
2006-06-01,14.52,,
2006-06-02,14.32,-0.567,-0.916
2006-06-05,16.65,,
2006-06-06,17.34,,
2006-06-07,17.8,,
2006-06-08,18.35,,
2006-06-09,18.12,-0.553,-0.7904
2006-06-12,20.96,,
2006-06-13,23.81,,
2006-06-14,21.46,,
2006-06-15,15.9,,
2006-06-16,17.25,-0.541,-0.7253
2006-06-19,17.83,,
2006-06-20,16.69,,
2006-06-21,15.52,,
2006-06-22,15.88,,
2006-06-23,15.89,-0.532,-0.8014
2006-06-26,15.62,,
2006-06-27,16.4,,
2006-06-28,15.79,,
2006-06-29,13.03,,
2006-06-30,13.08,-0.528,-0.8514
2006-07-03,13.05,,
2006-07-05,14.15,,
2006-07-06,13.65,,
2006-07-07,13.97,-0.528,-0.9777
2006-07-10,14.02,,
2006-07-11,13.14,,
2006-07-12,14.49,,
2006-07-13,17.79,,
2006-07-14,18.05,-0.534,-0.7769
2006-07-17,18.64,,
2006-07-18,17.74,,
2006-07-19,15.55,,
2006-07-20,16.21,,
2006-07-21,17.4,-0.544,-0.7743
2006-07-24,14.98,,
2006-07-25,14.85,,
2006-07-26,14.62,,
2006-07-27,14.94,,
2006-07-28,14.33,-0.558,-0.926
2006-07-31,14.95,,
2006-08-01,15.05,,
2006-08-02,14.34,,
2006-08-03,14.46,,
2006-08-04,14.34,-0.572,-0.8852
2006-08-07,15.23,,
2006-08-08,15.23,,
2006-08-09,15.2,,
2006-08-10,14.46,,
2006-08-11,14.3,-0.585,-0.9157
2006-08-14,14.26,,
2006-08-15,13.42,,
2006-08-16,12.41,,
2006-08-17,12.24,,
2006-08-18,11.64,-0.595,-1.0205
2006-08-21,12.22,,
2006-08-22,12.19,,
2006-08-23,12.4,,
2006-08-24,12.4,,
2006-08-25,12.31,-0.602,-0.9727
2006-08-28,12.18,,
2006-08-29,12.28,,
2006-08-30,12.22,,
2006-08-31,12.31,,
2006-09-01,11.96,-0.605,-0.9399
2006-09-05,12.63,,
2006-09-06,13.74,,
2006-09-07,13.88,,
2006-09-08,13.16,-0.606,-0.9037
2006-09-11,12.99,,
2006-09-12,11.92,,
2006-09-13,11.18,,
2006-09-14,11.55,,
2006-09-15,11.76,-0.605,-0.9354
2006-09-18,11.78,,
2006-09-19,11.98,,
2006-09-20,11.39,,
2006-09-21,12.25,,
2006-09-22,12.59,-0.604,-0.8192
2006-09-25,12.12,,
2006-09-26,11.53,,
2006-09-27,11.58,,
2006-09-28,11.72,,
2006-09-29,11.98,-0.605,-0.7915
2006-10-02,12.57,,
2006-10-03,12.24,,
2006-10-04,11.86,,
2006-10-05,11.98,,
2006-10-06,11.56,-0.609,-0.8392
2006-10-09,11.68,,
2006-10-10,11.52,,
2006-10-11,11.62,,
2006-10-12,11.09,,
2006-10-13,10.75,-0.615,-1.0224
2006-10-16,11.09,,
2006-10-17,11.73,,
2006-10-18,11.34,,
2006-10-19,10.9,,
2006-10-20,10.63,-0.621,-0.9617
2006-10-23,11.08,,
2006-10-24,10.78,,
2006-10-25,10.66,,
2006-10-26,10.56,,
2006-10-27,10.8,-0.627,-0.9986
2006-10-30,11.2,,
2006-10-31,11.1,,
2006-11-01,11.51,,
2006-11-02,11.42,,
2006-11-03,11.16,-0.63,-0.8788
2006-11-06,11.16,,
2006-11-07,11.09,,
2006-11-08,10.75,,
2006-11-09,11.01,,
2006-11-10,10.79,-0.631,-1.0002
2006-11-13,10.86,,
2006-11-14,10.5,,
2006-11-15,10.31,,
2006-11-16,10.16,,
2006-11-17,10.05,-0.63,-0.9917
2006-11-20,9.97,,
2006-11-21,9.9,,
2006-11-22,10.14,,
2006-11-24,10.73,-0.626,-0.9193
2006-11-27,12.3,,
2006-11-28,11.62,,
2006-11-29,10.83,,
2006-11-30,10.91,,
2006-12-01,11.66,-0.622,-0.7893
2006-12-04,11.23,,
2006-12-05,11.27,,
2006-12-06,11.33,,
2006-12-07,12.67,,
2006-12-08,12.07,-0.619,-0.9082
2006-12-11,10.71,,
2006-12-12,10.65,,
2006-12-13,10.18,,
2006-12-14,9.97,,
2006-12-15,10.05,-0.619,-0.9853
2006-12-18,10.6,,
2006-12-19,10.3,,
2006-12-20,10.26,,
2006-12-21,10.53,,
2006-12-22,11.36,-0.624,-0.927
2006-12-26,11.26,,
2006-12-27,10.64,,
2006-12-28,10.99,,
2006-12-29,11.56,-0.632,-0.9616
2007-01-03,12.04,,
2007-01-04,11.51,,
2007-01-05,12.14,-0.644,-0.8745
2007-01-08,12.0,,
2007-01-09,11.91,,
2007-01-10,11.47,,
2007-01-11,10.87,,
2007-01-12,10.15,-0.657,-0.9848
2007-01-16,10.74,,
2007-01-17,10.59,,
2007-01-18,10.85,,
2007-01-19,10.4,-0.669,-1.0914
2007-01-22,10.77,,
2007-01-23,10.34,,
2007-01-24,9.89,,
2007-01-25,11.22,,
2007-01-26,11.13,-0.678,-1.1263
2007-01-29,11.45,,
2007-01-30,10.96,,
2007-01-31,10.42,,
2007-02-01,10.31,,
2007-02-02,10.08,-0.682,-1.0856
2007-02-05,10.55,,
2007-02-06,10.65,,
2007-02-07,10.32,,
2007-02-08,10.44,,
2007-02-09,11.1,-0.681,-1.084
2007-02-12,11.61,,
2007-02-13,10.34,,
2007-02-14,10.23,,
2007-02-15,10.22,,
2007-02-16,10.02,-0.673,-1.1011
2007-02-20,10.24,,
2007-02-21,10.2,,
2007-02-22,10.18,,
2007-02-23,10.58,-0.661,-1.1239
2007-02-26,11.15,,
2007-02-27,18.31,,
2007-02-28,15.42,,
2007-03-01,15.82,,
2007-03-02,18.61,-0.646,-0.6805
2007-03-05,19.63,,
2007-03-06,15.96,,
2007-03-07,15.24,,
2007-03-08,14.29,,
2007-03-09,14.09,-0.631,-0.7812
2007-03-12,13.99,,
2007-03-13,18.13,,
2007-03-14,17.27,,
2007-03-15,16.43,,
2007-03-16,16.79,-0.619,-0.8398
2007-03-19,14.59,,
2007-03-20,13.27,,
2007-03-21,12.19,,
2007-03-22,12.93,,
2007-03-23,12.95,-0.611,-1.0107
2007-03-26,13.16,,
2007-03-27,13.48,,
2007-03-28,14.98,,
2007-03-29,15.14,,
2007-03-30,14.64,-0.605,-0.9471
2007-04-02,14.53,,
2007-04-03,13.46,,
2007-04-04,13.24,,
2007-04-05,13.23,,
2007-04-06,,-0.602,-0.9493
2007-04-09,13.14,,
2007-04-10,12.68,,
2007-04-11,13.49,,
2007-04-12,12.71,,
2007-04-13,12.2,-0.598,-1.0211
2007-04-16,11.98,,
2007-04-17,12.14,,
2007-04-18,12.42,,
2007-04-19,12.54,,
2007-04-20,12.07,-0.593,-1.0266
2007-04-23,13.04,,
2007-04-24,13.12,,
2007-04-25,13.21,,
2007-04-26,12.79,,
2007-04-27,12.45,-0.586,-1.0017
2007-04-30,14.22,,
2007-05-01,13.51,,
2007-05-02,13.08,,
2007-05-03,13.09,,
2007-05-04,12.91,-0.577,-0.9071
2007-05-07,13.15,,
2007-05-08,13.21,,
2007-05-09,12.88,,
2007-05-10,13.6,,
2007-05-11,12.95,-0.569,-0.9591
2007-05-14,13.96,,
2007-05-15,14.01,,
2007-05-16,13.5,,
2007-05-17,13.51,,
2007-05-18,12.76,-0.56,-0.9262
2007-05-21,13.3,,
2007-05-22,13.06,,
2007-05-23,13.24,,
2007-05-24,14.08,,
2007-05-25,13.34,-0.551,-0.97
2007-05-29,13.53,,
2007-05-30,12.83,,
2007-05-31,13.05,,
2007-06-01,12.78,-0.545,-0.9173
2007-06-04,13.29,,
2007-06-05,13.63,,
2007-06-06,14.87,,
2007-06-07,17.06,,
2007-06-08,14.84,-0.542,-0.7962
2007-06-11,14.71,,
2007-06-12,16.67,,
2007-06-13,14.73,,
2007-06-14,13.64,,
2007-06-15,13.94,-0.539,-0.7186
2007-06-18,13.42,,
2007-06-19,12.85,,
2007-06-20,14.67,,
2007-06-21,14.21,,
2007-06-22,15.75,-0.534,-0.675
2007-06-25,16.65,,
2007-06-26,18.89,,
2007-06-27,15.53,,
2007-06-28,15.54,,
2007-06-29,16.23,-0.522,-0.5484
2007-07-02,15.4,,
2007-07-03,14.92,,
2007-07-05,15.48,,
2007-07-06,14.72,-0.497,-0.7711
2007-07-09,15.16,,
2007-07-10,17.57,,
2007-07-11,16.64,,
2007-07-12,15.54,,
2007-07-13,15.15,-0.451,-0.6831
2007-07-16,15.59,,
2007-07-17,15.63,,
2007-07-18,16.0,,
2007-07-19,15.23,,
2007-07-20,16.95,-0.383,-0.6728
2007-07-23,16.81,,
2007-07-24,18.55,,
2007-07-25,18.1,,
2007-07-26,20.74,,
2007-07-27,24.17,-0.289,-0.1327
2007-07-30,20.87,,
2007-07-31,23.52,,
2007-08-01,23.67,,
2007-08-02,21.22,,
2007-08-03,25.16,-0.177,0.0034
2007-08-06,22.94,,
2007-08-07,21.56,,
2007-08-08,21.45,,
2007-08-09,26.48,,
2007-08-10,28.3,-0.057,0.1484
2007-08-13,26.57,,
2007-08-14,27.68,,
2007-08-15,30.67,,
2007-08-16,30.83,,
2007-08-17,29.99,0.061,1.2391
2007-08-20,26.33,,
2007-08-21,25.25,,
2007-08-22,22.89,,
2007-08-23,22.62,,
2007-08-24,20.72,0.155,1.3059
2007-08-27,22.72,,
2007-08-28,26.3,,
2007-08-29,23.81,,
2007-08-30,25.06,,
2007-08-31,23.38,0.207,1.0207
2007-09-04,22.78,,
2007-09-05,24.58,,
2007-09-06,23.99,,
2007-09-07,26.23,0.223,1.496
2007-09-10,27.38,,
2007-09-11,25.27,,
2007-09-12,24.96,,
2007-09-13,24.76,,
2007-09-14,24.92,0.199,1.5948
2007-09-17,26.48,,
2007-09-18,20.35,,
2007-09-19,20.03,,
2007-09-20,20.45,,
2007-09-21,19.0,0.143,0.7242
2007-09-24,19.37,,
2007-09-25,18.6,,
2007-09-26,17.63,,
2007-09-27,17.0,,
2007-09-28,18.0,0.079,0.718
2007-10-01,17.84,,
2007-10-02,18.49,,
2007-10-03,18.8,,
2007-10-04,18.44,,
2007-10-05,16.91,0.018,0.6445
2007-10-08,17.46,,
2007-10-09,16.12,,
2007-10-10,16.67,,
2007-10-11,18.88,,
2007-10-12,17.73,-0.022,0.3676
2007-10-15,19.25,,
2007-10-16,20.02,,
2007-10-17,18.54,,
2007-10-18,18.5,,
2007-10-19,22.96,-0.029,0.7458
2007-10-22,21.64,,
2007-10-23,20.41,,
2007-10-24,20.8,,
2007-10-25,21.17,,
2007-10-26,19.56,0.001,0.8142
2007-10-29,19.87,,
2007-10-30,21.07,,
2007-10-31,18.53,,
2007-11-01,23.21,,
2007-11-02,23.01,0.068,0.4839
2007-11-05,24.31,,
2007-11-06,21.39,,
2007-11-07,26.49,,
2007-11-08,26.16,,
2007-11-09,28.5,0.166,1.1646
2007-11-12,31.09,,
2007-11-13,24.1,,
2007-11-14,25.94,,
2007-11-15,28.06,,
2007-11-16,25.49,0.277,1.1856
2007-11-19,26.01,,
2007-11-20,24.88,,
2007-11-21,26.84,,
2007-11-23,25.61,0.389,1.9447
2007-11-26,28.91,,
2007-11-27,26.28,,
2007-11-28,24.11,,
2007-11-29,23.97,,
2007-11-30,22.87,0.483,2.09
2007-12-03,23.61,,
2007-12-04,23.79,,
2007-12-05,22.53,,
2007-12-06,20.96,,
2007-12-07,20.85,0.547,1.9733
2007-12-10,20.74,,
2007-12-11,23.59,,
2007-12-12,22.47,,
2007-12-13,22.56,,
2007-12-14,23.27,0.574,1.9399
2007-12-17,24.52,,
2007-12-18,22.64,,
2007-12-19,21.68,,
2007-12-20,20.58,,
2007-12-21,18.47,0.564,1.8022
2007-12-24,18.6,,
2007-12-26,18.66,,
2007-12-27,20.26,,
2007-12-28,20.74,0.525,1.3375
2007-12-31,22.5,,
2008-01-02,23.17,,
2008-01-03,22.49,,
2008-01-04,23.94,0.478,1.643
2008-01-07,23.79,,
2008-01-08,25.43,,
2008-01-09,24.12,,
2008-01-10,23.45,,
2008-01-11,23.68,0.433,1.3135
2008-01-14,22.9,,
2008-01-15,23.34,,
2008-01-16,24.38,,
2008-01-17,28.46,,
2008-01-18,27.18,0.409,0.9927
2008-01-22,31.01,,
2008-01-23,29.02,,
2008-01-24,27.78,,
2008-01-25,29.08,0.415,1.6469
2008-01-28,27.78,,
2008-01-29,27.32,,
2008-01-30,27.62,,
2008-01-31,26.2,,
2008-02-01,24.02,0.445,0.9852
2008-02-04,25.99,,
2008-02-05,28.24,,
2008-02-06,28.97,,
2008-02-07,27.66,,
2008-02-08,28.01,0.507,1.5268
2008-02-11,27.6,,
2008-02-12,26.33,,
2008-02-13,24.88,,
2008-02-14,25.54,,
2008-02-15,25.02,0.592,1.3086
2008-02-19,25.59,,
2008-02-20,24.4,,
2008-02-21,25.12,,
2008-02-22,24.06,0.691,1.1606
2008-02-25,23.03,,
2008-02-26,21.9,,
2008-02-27,22.69,,
2008-02-28,23.53,,
2008-02-29,26.54,0.792,1.4524
2008-03-03,26.28,,
2008-03-04,25.52,,
2008-03-05,24.6,,
2008-03-06,27.55,,
2008-03-07,27.49,0.884,2.4799
2008-03-10,29.38,,
2008-03-11,26.36,,
2008-03-12,27.22,,
2008-03-13,27.29,,
2008-03-14,31.16,0.945,2.0572
2008-03-17,32.24,,
2008-03-18,25.79,,
2008-03-19,29.84,,
2008-03-20,26.62,,
2008-03-21,,0.97,2.3993
2008-03-24,25.73,,
2008-03-25,25.72,,
2008-03-26,26.08,,
2008-03-27,25.88,,
2008-03-28,25.71,0.951,1.6937
2008-03-31,25.61,,
2008-04-01,22.68,,
2008-04-02,23.43,,
2008-04-03,23.21,,
2008-04-04,22.45,0.898,1.7469
2008-04-07,22.42,,
2008-04-08,22.36,,
2008-04-09,22.81,,
2008-04-10,21.98,,
2008-04-11,23.46,0.824,1.9026
2008-04-14,23.82,,
2008-04-15,22.78,,
2008-04-16,20.53,,
2008-04-17,20.37,,
2008-04-18,20.13,0.742,1.9263
2008-04-21,20.5,,
2008-04-22,20.87,,
2008-04-23,20.26,,
2008-04-24,20.06,,
2008-04-25,19.59,0.655,1.7138
2008-04-28,19.64,,
2008-04-29,20.24,,
2008-04-30,20.79,,
2008-05-01,18.88,,
2008-05-02,18.18,0.58,1.3926
2008-05-05,18.9,,
2008-05-06,18.21,,
2008-05-07,19.73,,
2008-05-08,19.4,,
2008-05-09,19.41,0.525,1.2737
2008-05-12,17.79,,
2008-05-13,17.98,,
2008-05-14,17.66,,
2008-05-15,16.3,,
2008-05-16,16.47,0.492,1.0407
2008-05-19,17.01,,
2008-05-20,17.58,,
2008-05-21,18.59,,
2008-05-22,18.05,,
2008-05-23,19.55,0.487,0.9571
2008-05-27,19.64,,
2008-05-28,19.07,,
2008-05-29,18.14,,
2008-05-30,17.83,0.509,0.9794
2008-06-02,19.83,,
2008-06-03,20.24,,
2008-06-04,20.8,,
2008-06-05,18.63,,
2008-06-06,23.56,0.555,1.3358
2008-06-09,23.12,,
2008-06-10,23.18,,
2008-06-11,24.12,,
2008-06-12,23.33,,
2008-06-13,21.22,0.609,1.2464
2008-06-16,20.95,,
2008-06-17,21.13,,
2008-06-18,22.24,,
2008-06-19,21.58,,
2008-06-20,22.87,0.665,1.2938
2008-06-23,22.64,,
2008-06-24,22.42,,
2008-06-25,21.14,,
2008-06-26,23.93,,
2008-06-27,23.44,0.717,1.7653
2008-06-30,23.95,,
2008-07-01,23.65,,
2008-07-02,25.92,,
2008-07-03,24.79,,
2008-07-04,,0.749,1.8582
2008-07-07,25.78,,
2008-07-08,23.15,,
2008-07-09,25.23,,
2008-07-10,25.59,,
2008-07-11,27.49,0.757,1.8124
2008-07-14,28.48,,
2008-07-15,28.54,,
2008-07-16,25.1,,
2008-07-17,25.01,,
2008-07-18,24.05,0.747,1.7769
2008-07-21,23.05,,
2008-07-22,21.18,,
2008-07-23,21.31,,
2008-07-24,23.44,,
2008-07-25,22.91,0.718,1.2106
2008-07-28,24.23,,
2008-07-29,22.03,,
2008-07-30,21.21,,
2008-07-31,22.94,,
2008-08-01,22.57,0.687,1.6821
2008-08-04,23.49,,
2008-08-05,21.14,,
2008-08-06,20.23,,
2008-08-07,21.15,,
2008-08-08,20.66,0.672,1.5671
2008-08-11,20.12,,
2008-08-12,21.17,,
2008-08-13,21.55,,
2008-08-14,20.34,,
2008-08-15,19.58,0.681,1.5513
2008-08-18,20.98,,
2008-08-19,21.28,,
2008-08-20,20.42,,
2008-08-21,19.82,,
2008-08-22,18.81,0.737,1.8014
2008-08-25,20.97,,
2008-08-26,20.49,,
2008-08-27,19.76,,
2008-08-28,19.43,,
2008-08-29,20.65,0.846,1.5731
2008-09-02,21.99,,
2008-09-03,21.43,,
2008-09-04,24.03,,
2008-09-05,23.06,1.015,1.8446
2008-09-08,22.64,,
2008-09-09,25.47,,
2008-09-10,24.52,,
2008-09-11,24.39,,
2008-09-12,25.66,1.236,2.0018
2008-09-15,31.7,,
2008-09-16,30.3,,
2008-09-17,36.22,,
2008-09-18,33.1,,
2008-09-19,32.07,1.518,4.1642
2008-09-22,33.85,,
2008-09-23,35.72,,
2008-09-24,35.19,,
2008-09-25,32.82,,
2008-09-26,34.74,1.799,4.5894
2008-09-29,46.72,,
2008-09-30,39.39,,
2008-10-01,39.81,,
2008-10-02,45.26,,
2008-10-03,45.14,2.08,7.2964
2008-10-06,52.05,,
2008-10-07,53.68,,
2008-10-08,57.53,,
2008-10-09,63.92,,
2008-10-10,69.95,2.332,9.6748
2008-10-13,54.99,,
2008-10-14,55.13,,
2008-10-15,69.25,,
2008-10-16,67.61,,
2008-10-17,70.33,2.53,9.6043
2008-10-20,52.97,,
2008-10-21,53.11,,
2008-10-22,69.65,,
2008-10-23,67.8,,
2008-10-24,79.13,2.677,8.1226
2008-10-27,80.06,,
2008-10-28,66.96,,
2008-10-29,69.96,,
2008-10-30,62.9,,
2008-10-31,59.89,2.801,7.7998
2008-11-03,53.68,,
2008-11-04,47.73,,
2008-11-05,54.56,,
2008-11-06,63.68,,
2008-11-07,56.1,2.897,6.2656
2008-11-10,59.98,,
2008-11-11,61.44,,
2008-11-12,66.46,,
2008-11-13,59.83,,
2008-11-14,66.31,2.979,6.0456
2008-11-17,69.15,,
2008-11-18,67.64,,
2008-11-19,74.26,,
2008-11-20,80.86,,
2008-11-21,72.67,3.054,7.7517
2008-11-24,64.7,,
2008-11-25,60.9,,
2008-11-26,54.92,,
2008-11-28,55.84,3.081,6.907
2008-12-01,68.51,,
2008-12-02,62.98,,
2008-12-03,60.72,,
2008-12-04,63.64,,
2008-12-05,59.93,3.073,7.0144
2008-12-08,58.49,,
2008-12-09,58.91,,
2008-12-10,55.73,,
2008-12-11,55.78,,
2008-12-12,54.28,3.008,6.5991
2008-12-15,56.76,,
2008-12-16,52.37,,
2008-12-17,49.84,,
2008-12-18,47.34,,
2008-12-19,44.93,2.885,6.0215
2008-12-22,44.56,,
2008-12-23,45.02,,
2008-12-24,44.21,,
2008-12-26,43.38,2.726,4.8361
2008-12-29,43.9,,
2008-12-30,41.63,,
2008-12-31,40.0,,
2009-01-02,39.19,2.574,4.9632
2009-01-05,39.08,,
2009-01-06,38.56,,
2009-01-07,43.39,,
2009-01-08,42.56,,
2009-01-09,42.82,2.421,3.7615
2009-01-12,45.84,,
2009-01-13,43.27,,
2009-01-14,49.14,,
2009-01-15,51.0,,
2009-01-16,46.11,2.297,3.8582
2009-01-20,56.65,,
2009-01-21,46.42,,
2009-01-22,47.29,,
2009-01-23,47.27,2.206,4.3529
2009-01-26,45.69,,
2009-01-27,42.25,,
2009-01-28,39.66,,
2009-01-29,42.63,,
2009-01-30,44.84,2.146,4.069
2009-02-02,45.52,,
2009-02-03,43.06,,
2009-02-04,43.85,,
2009-02-05,43.73,,
2009-02-06,43.37,2.115,3.6101
2009-02-09,43.64,,
2009-02-10,46.67,,
2009-02-11,44.53,,
2009-02-12,41.25,,
2009-02-13,42.93,2.115,3.6271
2009-02-17,48.66,,
2009-02-18,48.46,,
2009-02-19,47.08,,
2009-02-20,49.3,2.131,4.2105
2009-02-23,52.62,,
2009-02-24,45.49,,
2009-02-25,44.67,,
2009-02-26,44.66,,
2009-02-27,46.35,2.147,4.1907
2009-03-02,52.65,,
2009-03-03,50.93,,
2009-03-04,47.56,,
2009-03-05,50.17,,
2009-03-06,49.33,2.15,4.8149
2009-03-09,49.68,,
2009-03-10,44.37,,
2009-03-11,43.61,,
2009-03-12,41.18,,
2009-03-13,42.36,2.113,3.9684
2009-03-16,43.74,,
2009-03-17,40.8,,
2009-03-18,40.06,,
2009-03-19,43.68,,
2009-03-20,45.89,2.04,3.372
2009-03-23,43.23,,
2009-03-24,42.93,,
2009-03-25,42.25,,
2009-03-26,40.36,,
2009-03-27,41.04,1.935,3.2432
2009-03-30,45.54,,
2009-03-31,44.14,,
2009-04-01,42.28,,
2009-04-02,42.04,,
2009-04-03,39.7,1.811,3.0649
2009-04-06,40.93,,
2009-04-07,40.39,,
2009-04-08,38.85,,
2009-04-09,36.53,,
2009-04-10,,1.67,2.8293
2009-04-13,37.81,,
2009-04-14,37.67,,
2009-04-15,36.17,,
2009-04-16,35.79,,
2009-04-17,33.94,1.527,2.6163
2009-04-20,39.18,,
2009-04-21,37.14,,
2009-04-22,38.1,,
2009-04-23,37.15,,
2009-04-24,36.82,1.387,2.8655
2009-04-27,38.32,,
2009-04-28,37.95,,
2009-04-29,36.08,,
2009-04-30,36.5,,
2009-05-01,35.3,1.251,2.3593
2009-05-04,34.53,,
2009-05-05,33.36,,
2009-05-06,32.45,,
2009-05-07,33.44,,
2009-05-08,32.05,1.128,1.5995
2009-05-11,32.87,,
2009-05-12,31.8,,
2009-05-13,33.65,,
2009-05-14,31.37,,
2009-05-15,33.12,1.026,2.0768
2009-05-18,30.24,,
2009-05-19,28.8,,
2009-05-20,29.03,,
2009-05-21,31.35,,
2009-05-22,32.63,0.943,1.5993
2009-05-26,30.62,,
2009-05-27,32.36,,
2009-05-28,31.67,,
2009-05-29,28.92,0.883,1.3879
2009-06-01,30.04,,
2009-06-02,29.63,,
2009-06-03,31.02,,
2009-06-04,30.18,,
2009-06-05,29.62,0.836,1.2383
2009-06-08,29.77,,
2009-06-09,28.27,,
2009-06-10,28.46,,
2009-06-11,28.11,,
2009-06-12,28.15,0.8,1.0301
2009-06-15,30.81,,
2009-06-16,32.68,,
2009-06-17,31.54,,
2009-06-18,30.03,,
2009-06-19,27.99,0.769,1.6227
2009-06-22,31.17,,
2009-06-23,30.58,,
2009-06-24,29.05,,
2009-06-25,26.36,,
2009-06-26,25.93,0.732,1.6787
2009-06-29,25.35,,
2009-06-30,26.35,,
2009-07-01,26.22,,
2009-07-02,27.95,,
2009-07-03,,0.686,1.235
2009-07-06,29.0,,
2009-07-07,30.85,,
2009-07-08,31.3,,
2009-07-09,29.78,,
2009-07-10,29.02,0.63,1.4935
2009-07-13,26.31,,
2009-07-14,25.02,,
2009-07-15,25.89,,
2009-07-16,25.42,,
2009-07-17,24.34,0.564,1.0218
2009-07-20,24.4,,
2009-07-21,23.87,,
2009-07-22,23.47,,
2009-07-23,23.43,,
2009-07-24,23.09,0.492,0.7979
2009-07-27,24.28,,
2009-07-28,25.01,,
2009-07-29,25.61,,
2009-07-30,25.4,,
2009-07-31,25.92,0.424,0.5422
2009-08-03,25.56,,
2009-08-04,24.89,,
2009-08-05,24.9,,
2009-08-06,25.67,,
2009-08-07,24.76,0.364,0.1884
2009-08-10,24.99,,
2009-08-11,25.99,,
2009-08-12,25.45,,
2009-08-13,24.71,,
2009-08-14,24.27,0.315,0.8157
2009-08-17,27.89,,
2009-08-18,26.18,,
2009-08-19,26.26,,
2009-08-20,25.09,,
2009-08-21,25.01,0.274,0.9892
2009-08-24,25.14,,
2009-08-25,24.92,,
2009-08-26,24.95,,
2009-08-27,24.68,,
2009-08-28,24.76,0.237,0.5626
2009-08-31,26.01,,
2009-09-01,29.15,,
2009-09-02,28.9,,
2009-09-03,27.1,,
2009-09-04,25.26,0.204,0.7305
2009-09-08,25.62,,
2009-09-09,24.32,,
2009-09-10,23.55,,
2009-09-11,24.15,0.171,0.376
2009-09-14,23.86,,
2009-09-15,23.42,,
2009-09-16,23.69,,
2009-09-17,23.65,,
2009-09-18,23.92,0.139,0.0545
2009-09-21,24.06,,
2009-09-22,23.08,,
2009-09-23,23.49,,
2009-09-24,24.95,,
2009-09-25,25.61,0.11,0.195
2009-09-28,24.88,,
2009-09-29,25.19,,
2009-09-30,25.61,,
2009-10-01,28.27,,
2009-10-02,28.68,0.087,0.445
2009-10-05,26.84,,
2009-10-06,25.7,,
2009-10-07,24.68,,
2009-10-08,24.18,,
2009-10-09,23.12,0.067,0.3004
2009-10-12,23.01,,
2009-10-13,22.99,,
2009-10-14,22.86,,
2009-10-15,21.72,,
2009-10-16,21.43,0.05,0.147
2009-10-19,21.49,,
2009-10-20,20.9,,
2009-10-21,22.22,,
2009-10-22,20.69,,
2009-10-23,22.27,0.036,0.2116
2009-10-26,24.31,,
2009-10-27,24.83,,
2009-10-28,27.91,,
2009-10-29,24.76,,
2009-10-30,30.69,0.028,0.4355
2009-11-02,29.78,,
2009-11-03,28.81,,
2009-11-04,27.72,,
2009-11-05,25.43,,
2009-11-06,24.19,0.019,0.4046
2009-11-09,23.15,,
2009-11-10,22.84,,
2009-11-11,23.04,,
2009-11-12,24.24,,
2009-11-13,23.36,0.007,0.048
2009-11-16,22.89,,
2009-11-17,22.41,,
2009-11-18,21.63,,
2009-11-19,22.63,,
2009-11-20,22.19,-0.006,0.1761
2009-11-23,21.16,,
2009-11-24,20.47,,
2009-11-25,20.48,,
2009-11-27,24.85,-0.025,0.1704
2009-11-30,24.51,,
2009-12-01,21.92,,
2009-12-02,21.12,,
2009-12-03,22.46,,
2009-12-04,21.25,-0.049,0.0727
2009-12-07,22.1,,
2009-12-08,23.69,,
2009-12-09,22.66,,
2009-12-10,22.32,,
2009-12-11,21.59,-0.079,0.0083
2009-12-14,21.15,,
2009-12-15,21.49,,
2009-12-16,20.54,,
2009-12-17,22.51,,
2009-12-18,21.68,-0.111,-0.1385
2009-12-21,20.49,,
2009-12-22,19.54,,
2009-12-23,19.71,,
2009-12-24,19.47,,
2009-12-25,,-0.142,-0.2362
2009-12-28,19.93,,
2009-12-29,20.01,,
2009-12-30,19.96,,
2009-12-31,21.68,,
2010-01-01,,-0.167,-0.2083
2010-01-04,20.04,,
2010-01-05,19.35,,
2010-01-06,19.16,,
2010-01-07,19.06,,
2010-01-08,18.13,-0.187,-0.3851
2010-01-11,17.55,,
2010-01-12,18.25,,
2010-01-13,17.85,,
2010-01-14,17.63,,
2010-01-15,17.91,-0.197,-0.3442
2010-01-19,17.58,,
2010-01-20,18.68,,
2010-01-21,22.27,,
2010-01-22,27.31,-0.196,-0.0685
2010-01-25,25.41,,
2010-01-26,24.55,,
2010-01-27,23.14,,
2010-01-28,23.73,,
2010-01-29,24.62,-0.193,0.0614
2010-02-01,22.59,,
2010-02-02,21.48,,
2010-02-03,21.6,,
2010-02-04,26.08,,
2010-02-05,26.11,-0.189,-0.0467
2010-02-08,26.51,,
2010-02-09,26.0,,
2010-02-10,25.4,,
2010-02-11,23.96,,
2010-02-12,22.73,-0.193,0.117
2010-02-16,22.25,,
2010-02-17,21.72,,
2010-02-18,20.63,,
2010-02-19,20.02,-0.21,-0.2109
2010-02-22,19.94,,
2010-02-23,21.37,,
2010-02-24,20.27,,
2010-02-25,20.1,,
2010-02-26,19.5,-0.238,-0.2166
2010-03-01,19.26,,
2010-03-02,19.06,,
2010-03-03,18.83,,
2010-03-04,18.72,,
2010-03-05,17.42,-0.277,-0.2588
2010-03-08,17.79,,
2010-03-09,17.92,,
2010-03-10,18.57,,
2010-03-11,18.06,,
2010-03-12,17.58,-0.323,-0.5588
2010-03-15,18.0,,
2010-03-16,17.69,,
2010-03-17,16.91,,
2010-03-18,16.62,,
2010-03-19,16.97,-0.369,-0.424
2010-03-22,16.87,,
2010-03-23,16.35,,
2010-03-24,17.55,,
2010-03-25,18.4,,
2010-03-26,17.77,-0.41,-0.3951
2010-03-29,17.59,,
2010-03-30,17.13,,
2010-03-31,17.59,,
2010-04-01,17.47,,
2010-04-02,,-0.438,-0.351
2010-04-05,17.02,,
2010-04-06,16.23,,
2010-04-07,16.62,,
2010-04-08,16.48,,
2010-04-09,16.14,-0.449,-0.4648
2010-04-12,15.58,,
2010-04-13,16.2,,
2010-04-14,15.59,,
2010-04-15,15.89,,
2010-04-16,18.36,-0.438,-0.4403
2010-04-19,17.34,,
2010-04-20,15.73,,
2010-04-21,16.32,,
2010-04-22,16.47,,
2010-04-23,16.62,-0.403,-0.4107
2010-04-26,17.47,,
2010-04-27,22.81,,
2010-04-28,21.08,,
2010-04-29,18.44,,
2010-04-30,22.05,-0.344,-0.1837
2010-05-03,20.19,,
2010-05-04,23.84,,
2010-05-05,24.91,,
2010-05-06,32.8,,
2010-05-07,40.95,-0.268,0.4326
2010-05-10,28.84,,
2010-05-11,28.32,,
2010-05-12,25.52,,
2010-05-13,26.68,,
2010-05-14,31.24,-0.192,0.3578
2010-05-17,30.84,,
2010-05-18,33.55,,
2010-05-19,35.32,,
2010-05-20,45.79,,
2010-05-21,40.1,-0.119,0.9971
2010-05-24,38.32,,
2010-05-25,34.61,,
2010-05-26,35.02,,
2010-05-27,29.68,,
2010-05-28,32.07,-0.065,1.0334
2010-06-01,35.54,,
2010-06-02,30.17,,
2010-06-03,29.46,,
2010-06-04,35.48,-0.033,0.8258
2010-06-07,36.57,,
2010-06-08,33.7,,
2010-06-09,33.73,,
2010-06-10,30.57,,
2010-06-11,28.79,-0.024,0.9846
2010-06-14,28.58,,
2010-06-15,25.87,,
2010-06-16,25.92,,
2010-06-17,25.05,,
2010-06-18,23.95,-0.038,0.5118
2010-06-21,24.88,,
2010-06-22,27.05,,
2010-06-23,26.91,,
2010-06-24,29.74,,
2010-06-25,28.53,-0.065,0.6007
2010-06-28,29.0,,
2010-06-29,34.13,,
2010-06-30,34.54,,
2010-07-01,32.86,,
2010-07-02,30.12,-0.1,0.9585
2010-07-06,29.65,,
2010-07-07,26.84,,
2010-07-08,25.71,,
2010-07-09,24.98,-0.141,0.5712
2010-07-12,24.43,,
2010-07-13,24.56,,
2010-07-14,24.89,,
2010-07-15,25.14,,
2010-07-16,26.25,-0.181,0.3643
2010-07-19,25.97,,
2010-07-20,23.93,,
2010-07-21,25.64,,
2010-07-22,24.63,,
2010-07-23,23.47,-0.214,0.517
2010-07-26,22.73,,
2010-07-27,23.19,,
2010-07-28,24.25,,
2010-07-29,24.13,,
2010-07-30,23.5,-0.239,0.1797
2010-08-02,22.01,,
2010-08-03,22.63,,
2010-08-04,22.21,,
2010-08-05,22.1,,
2010-08-06,21.74,-0.253,0.2117
2010-08-09,22.14,,
2010-08-10,22.37,,
2010-08-11,25.39,,
2010-08-12,25.73,,
2010-08-13,26.24,-0.259,0.4291
2010-08-16,26.1,,
2010-08-17,24.33,,
2010-08-18,24.59,,
2010-08-19,26.44,,
2010-08-20,25.49,-0.26,0.4571
2010-08-23,25.66,,
2010-08-24,27.46,,
2010-08-25,26.7,,
2010-08-26,27.37,,
2010-08-27,24.45,-0.263,0.4724
2010-08-30,27.21,,
2010-08-31,26.05,,
2010-09-01,23.89,,
2010-09-02,23.19,,
2010-09-03,21.31,-0.27,0.2843
2010-09-07,23.8,,
2010-09-08,23.25,,
2010-09-09,22.81,,
2010-09-10,21.99,-0.284,0.0631
2010-09-13,21.21,,
2010-09-14,21.56,,
2010-09-15,22.1,,
2010-09-16,21.72,,
2010-09-17,22.01,-0.303,0.0142
2010-09-20,21.5,,
2010-09-21,22.35,,
2010-09-22,22.51,,
2010-09-23,23.87,,
2010-09-24,21.71,-0.325,0.0998
2010-09-27,22.54,,
2010-09-28,22.6,,
2010-09-29,23.25,,
2010-09-30,23.7,,
2010-10-01,22.5,-0.349,0.121
2010-10-04,23.53,,
2010-10-05,21.76,,
2010-10-06,21.49,,
2010-10-07,21.56,,
2010-10-08,20.71,-0.373,0.0153
2010-10-11,18.96,,
2010-10-12,18.93,,
2010-10-13,19.07,,
2010-10-14,19.88,,
2010-10-15,19.03,-0.394,-0.1945
2010-10-18,19.09,,
2010-10-19,20.63,,
2010-10-20,19.79,,
2010-10-21,19.27,,
2010-10-22,18.78,-0.412,-0.0645
2010-10-25,19.85,,
2010-10-26,20.22,,
2010-10-27,20.71,,
2010-10-28,20.88,,
2010-10-29,21.2,-0.426,-0.2216
2010-11-01,21.83,,
2010-11-02,21.57,,
2010-11-03,19.56,,
2010-11-04,18.52,,
2010-11-05,18.26,-0.435,-0.1288
2010-11-08,18.29,,
2010-11-09,19.08,,
2010-11-10,18.47,,
2010-11-11,18.64,,
2010-11-12,20.61,-0.438,-0.2408
2010-11-15,20.2,,
2010-11-16,22.58,,
2010-11-17,21.76,,
2010-11-18,18.75,,
2010-11-19,18.04,-0.44,0.0136
2010-11-22,18.37,,
2010-11-23,20.63,,
2010-11-24,19.56,,
2010-11-26,22.22,-0.443,0.0383
2010-11-29,21.53,,
2010-11-30,23.54,,
2010-12-01,21.36,,
2010-12-02,19.39,,
2010-12-03,18.01,-0.449,-0.0083
2010-12-06,18.02,,
2010-12-07,17.99,,
2010-12-08,17.74,,
2010-12-09,17.25,,
2010-12-10,17.61,-0.46,-0.2851
2010-12-13,17.55,,
2010-12-14,17.61,,
2010-12-15,17.94,,
2010-12-16,17.39,,
2010-12-17,16.11,-0.475,-0.1976
2010-12-20,16.41,,
2010-12-21,16.49,,
2010-12-22,15.45,,
2010-12-23,16.47,,
2010-12-24,,-0.494,-0.2364
2010-12-27,17.67,,
2010-12-28,17.52,,
2010-12-29,17.28,,
2010-12-30,17.52,,
2010-12-31,17.75,-0.516,-0.2351
2011-01-03,17.61,,
2011-01-04,17.38,,
2011-01-05,17.02,,
2011-01-06,17.4,,
2011-01-07,17.14,-0.537,-0.3186
2011-01-10,17.54,,
2011-01-11,16.89,,
2011-01-12,16.24,,
2011-01-13,16.39,,
2011-01-14,15.46,-0.558,-0.3007
2011-01-18,15.87,,
2011-01-19,17.31,,
2011-01-20,17.99,,
2011-01-21,18.47,-0.575,-0.318
2011-01-24,17.65,,
2011-01-25,17.59,,
2011-01-26,16.64,,
2011-01-27,16.15,,
2011-01-28,20.04,-0.587,-0.2588
2011-01-31,19.53,,
2011-02-01,17.63,,
2011-02-02,17.3,,
2011-02-03,16.69,,
2011-02-04,15.93,-0.592,-0.3821
2011-02-07,16.28,,
2011-02-08,15.81,,
2011-02-09,15.87,,
2011-02-10,16.09,,
2011-02-11,15.69,-0.591,-0.4571
2011-02-14,15.95,,
2011-02-15,16.37,,
2011-02-16,16.72,,
2011-02-17,16.59,,
2011-02-18,16.43,-0.581,-0.3008
2011-02-22,20.8,,
2011-02-23,22.13,,
2011-02-24,21.32,,
2011-02-25,19.22,-0.567,-0.08
2011-02-28,18.35,,
2011-03-01,21.01,,
2011-03-02,20.7,,
2011-03-03,18.6,,
2011-03-04,19.06,-0.554,-0.2288
2011-03-07,20.66,,
2011-03-08,19.82,,
2011-03-09,20.22,,
2011-03-10,21.88,,
2011-03-11,20.08,-0.543,-0.2336
2011-03-14,21.13,,
2011-03-15,24.32,,
2011-03-16,29.4,,
2011-03-17,26.37,,
2011-03-18,24.44,-0.538,0.0944
2011-03-21,20.61,,
2011-03-22,20.21,,
2011-03-23,19.17,,
2011-03-24,18.0,,
2011-03-25,17.91,-0.543,-0.3265
2011-03-28,19.44,,
2011-03-29,18.16,,
2011-03-30,17.71,,
2011-03-31,17.74,,
2011-04-01,17.4,-0.553,-0.3445
2011-04-04,17.5,,
2011-04-05,17.25,,
2011-04-06,16.9,,
2011-04-07,17.11,,
2011-04-08,17.87,-0.567,-0.4178
2011-04-11,16.59,,
2011-04-12,17.09,,
2011-04-13,16.92,,
2011-04-14,16.27,,
2011-04-15,15.32,-0.581,-0.3762
2011-04-18,16.96,,
2011-04-19,15.83,,
2011-04-20,15.07,,
2011-04-21,14.69,,
2011-04-22,,-0.59,-0.3948
2011-04-25,15.77,,
2011-04-26,15.62,,
2011-04-27,15.35,,
2011-04-28,14.62,,
2011-04-29,14.75,-0.594,-0.5132
2011-05-02,15.99,,
2011-05-03,16.7,,
2011-05-04,17.08,,
2011-05-05,18.2,,
2011-05-06,18.4,-0.591,-0.3269
2011-05-09,17.16,,
2011-05-10,15.91,,
2011-05-11,16.95,,
2011-05-12,16.03,,
2011-05-13,17.07,-0.582,-0.3489
2011-05-16,18.24,,
2011-05-17,17.55,,
2011-05-18,16.23,,
2011-05-19,15.52,,
2011-05-20,17.43,-0.57,-0.309
2011-05-23,18.27,,
2011-05-24,17.82,,
2011-05-25,17.07,,
2011-05-26,16.09,,
2011-05-27,15.98,-0.556,-0.2731
2011-05-31,15.45,,
2011-06-01,18.3,,
2011-06-02,18.09,,
2011-06-03,17.95,-0.543,-0.1986
2011-06-06,18.49,,
2011-06-07,18.07,,
2011-06-08,18.79,,
2011-06-09,17.77,,
2011-06-10,18.86,-0.53,-0.135
2011-06-13,19.61,,
2011-06-14,18.26,,
2011-06-15,21.32,,
2011-06-16,22.73,,
2011-06-17,21.85,-0.521,-0.1264
2011-06-20,19.99,,
2011-06-21,18.86,,
2011-06-22,18.52,,
2011-06-23,19.29,,
2011-06-24,21.1,-0.514,-0.1109
2011-06-27,20.56,,
2011-06-28,19.17,,
2011-06-29,17.27,,
2011-06-30,16.52,,
2011-07-01,15.87,-0.507,-0.395
2011-07-05,16.06,,
2011-07-06,16.34,,
2011-07-07,15.95,,
2011-07-08,15.95,-0.494,-0.3529
2011-07-11,18.39,,
2011-07-12,19.87,,
2011-07-13,19.91,,
2011-07-14,20.8,,
2011-07-15,19.53,-0.472,-0.0027
2011-07-18,20.95,,
2011-07-19,19.21,,
2011-07-20,19.09,,
2011-07-21,17.56,,
2011-07-22,17.52,-0.437,-0.2867
2011-07-25,19.35,,
2011-07-26,20.23,,
2011-07-27,22.98,,
2011-07-28,23.74,,
2011-07-29,25.25,-0.389,-0.2609
2011-08-01,23.66,,
2011-08-02,24.79,,
2011-08-03,23.38,,
2011-08-04,31.66,,
2011-08-05,32.0,-0.325,0.3637
2011-08-08,48.0,,
2011-08-09,35.06,,
2011-08-10,42.99,,
2011-08-11,39.0,,
2011-08-12,36.36,-0.255,1.3358
2011-08-15,31.87,,
2011-08-16,32.85,,
2011-08-17,31.58,,
2011-08-18,42.67,,
2011-08-19,43.05,-0.192,0.5428
2011-08-22,42.44,,
2011-08-23,36.27,,
2011-08-24,35.9,,
2011-08-25,39.76,,
2011-08-26,35.59,-0.134,0.878
2011-08-29,32.28,,
2011-08-30,32.89,,
2011-08-31,31.62,,
2011-09-01,31.82,,
2011-09-02,33.92,-0.091,0.5234
2011-09-06,37.0,,
2011-09-07,33.38,,
2011-09-08,34.32,,
2011-09-09,38.52,-0.059,0.9255
2011-09-12,38.59,,
2011-09-13,36.91,,
2011-09-14,34.6,,
2011-09-15,31.97,,
2011-09-16,30.98,-0.041,0.7804
2011-09-19,32.73,,
2011-09-20,32.86,,
2011-09-21,37.32,,
2011-09-22,41.35,,
2011-09-23,41.25,-0.033,1.1221
2011-09-26,39.02,,
2011-09-27,37.71,,
2011-09-28,41.08,,
2011-09-29,38.84,,
2011-09-30,42.96,-0.035,1.1512
2011-10-03,45.45,,
2011-10-04,40.82,,
2011-10-05,37.81,,
2011-10-06,36.27,,
2011-10-07,36.2,-0.047,1.3928
2011-10-10,33.02,,
2011-10-11,32.86,,
2011-10-12,31.26,,
2011-10-13,30.7,,
2011-10-14,28.24,-0.068,0.4741
2011-10-17,33.39,,
2011-10-18,31.56,,
2011-10-19,34.44,,
2011-10-20,34.78,,
2011-10-21,31.32,-0.086,0.6824
2011-10-24,29.26,,
2011-10-25,32.22,,
2011-10-26,29.86,,
2011-10-27,25.46,,
2011-10-28,24.53,-0.1,0.3195
2011-10-31,29.96,,
2011-11-01,34.77,,
2011-11-02,32.74,,
2011-11-03,30.5,,
2011-11-04,30.16,-0.101,0.8791
2011-11-07,29.85,,
2011-11-08,27.48,,
2011-11-09,36.16,,
2011-11-10,32.81,,
2011-11-11,30.04,-0.094,0.7947
2011-11-14,31.13,,
2011-11-15,31.22,,
2011-11-16,33.51,,
2011-11-17,34.51,,
2011-11-18,32.0,-0.082,1.038
2011-11-21,32.91,,
2011-11-22,31.97,,
2011-11-23,33.98,,
2011-11-25,34.47,-0.07,1.2505
2011-11-28,32.13,,
2011-11-29,30.64,,
2011-11-30,27.8,,
2011-12-01,27.41,,
2011-12-02,27.52,-0.068,0.6882
2011-12-05,27.84,,
2011-12-06,28.13,,
2011-12-07,28.67,,
2011-12-08,30.59,,
2011-12-09,26.38,-0.074,0.6404
2011-12-12,25.67,,
2011-12-13,25.41,,
2011-12-14,26.04,,
2011-12-15,25.11,,
2011-12-16,24.29,-0.087,0.9107
2011-12-19,24.92,,
2011-12-20,23.22,,
2011-12-21,21.43,,
2011-12-22,21.16,,
2011-12-23,20.73,-0.112,0.6576
2011-12-27,21.91,,
2011-12-28,23.52,,
2011-12-29,22.65,,
2011-12-30,23.4,-0.146,0.6644
2012-01-03,22.97,,
2012-01-04,22.22,,
2012-01-05,21.48,,
2012-01-06,20.63,-0.187,0.5445
2012-01-09,21.07,,
2012-01-10,20.69,,
2012-01-11,21.05,,
2012-01-12,20.47,,
2012-01-13,20.91,-0.233,0.5756
2012-01-17,22.2,,
2012-01-18,20.89,,
2012-01-19,19.87,,
2012-01-20,18.28,-0.278,0.437
2012-01-23,18.67,,
2012-01-24,18.91,,
2012-01-25,18.31,,
2012-01-26,18.57,,
2012-01-27,18.53,-0.32,0.3255
2012-01-30,19.4,,
2012-01-31,19.44,,
2012-02-01,18.55,,
2012-02-02,17.98,,
2012-02-03,17.1,-0.352,0.3018
2012-02-06,17.76,,
2012-02-07,17.65,,
2012-02-08,18.16,,
2012-02-09,18.63,,
2012-02-10,20.79,-0.376,0.097
2012-02-13,19.04,,
2012-02-14,19.54,,
2012-02-15,21.14,,
2012-02-16,19.22,,
2012-02-17,17.78,-0.392,0.2063
2012-02-21,18.19,,
2012-02-22,18.19,,
2012-02-23,16.8,,
2012-02-24,17.31,-0.404,0.0701
2012-02-27,18.19,,
2012-02-28,17.96,,
2012-02-29,18.43,,
2012-03-01,17.26,,
2012-03-02,17.29,-0.415,0.0536
2012-03-05,18.05,,
2012-03-06,20.87,,
2012-03-07,19.07,,
2012-03-08,17.95,,
2012-03-09,17.11,-0.423,0.1714
2012-03-12,15.64,,
2012-03-13,14.8,,
2012-03-14,15.31,,
2012-03-15,15.42,,
2012-03-16,14.47,-0.43,-0.2047
2012-03-19,15.04,,
2012-03-20,15.58,,
2012-03-21,15.13,,
2012-03-22,15.57,,
2012-03-23,14.82,-0.434,-0.076
2012-03-26,14.26,,
2012-03-27,15.59,,
2012-03-28,15.47,,
2012-03-29,15.48,,
2012-03-30,15.5,-0.432,0.0303
2012-04-02,15.64,,
2012-04-03,15.66,,
2012-04-04,16.44,,
2012-04-05,16.7,,
2012-04-06,,-0.424,0.0712
2012-04-09,18.81,,
2012-04-10,20.39,,
2012-04-11,20.02,,
2012-04-12,17.2,,
2012-04-13,19.55,-0.412,0.293
2012-04-16,19.55,,
2012-04-17,18.46,,
2012-04-18,18.64,,
2012-04-19,18.36,,
2012-04-20,17.44,-0.396,0.0441
2012-04-23,18.97,,
2012-04-24,18.1,,
2012-04-25,16.82,,
2012-04-26,16.24,,
2012-04-27,16.32,-0.375,-0.0004
2012-04-30,17.15,,
2012-05-01,16.6,,
2012-05-02,16.88,,
2012-05-03,17.56,,
2012-05-04,19.16,-0.349,-0.057
2012-05-07,18.94,,
2012-05-08,19.05,,
2012-05-09,20.08,,
2012-05-10,18.83,,
2012-05-11,19.89,-0.318,0.1134
2012-05-14,21.87,,
2012-05-15,21.97,,
2012-05-16,22.27,,
2012-05-17,24.49,,
2012-05-18,25.1,-0.285,0.4604
2012-05-21,22.01,,
2012-05-22,22.48,,
2012-05-23,22.33,,
2012-05-24,21.54,,
2012-05-25,21.76,-0.259,0.3657
2012-05-29,21.03,,
2012-05-30,24.14,,
2012-05-31,24.06,,
2012-06-01,26.66,-0.24,0.4653
2012-06-04,26.12,,
2012-06-05,24.68,,
2012-06-06,22.16,,
2012-06-07,21.72,,
2012-06-08,21.23,-0.233,0.4356
2012-06-11,23.56,,
2012-06-12,22.09,,
2012-06-13,24.27,,
2012-06-14,21.68,,
2012-06-15,21.11,-0.238,0.2214
2012-06-18,18.32,,
2012-06-19,18.38,,
2012-06-20,17.24,,
2012-06-21,20.08,,
2012-06-22,18.11,-0.254,0.0588
2012-06-25,20.38,,
2012-06-26,19.72,,
2012-06-27,19.45,,
2012-06-28,19.71,,
2012-06-29,17.08,-0.273,0.1267
2012-07-02,16.8,,
2012-07-03,16.66,,
2012-07-05,17.5,,
2012-07-06,17.1,-0.296,0.0384
2012-07-09,17.98,,
2012-07-10,18.72,,
2012-07-11,17.95,,
2012-07-12,18.33,,
2012-07-13,16.74,-0.32,0.1409
2012-07-16,17.11,,
2012-07-17,16.48,,
2012-07-18,16.16,,
2012-07-19,15.45,,
2012-07-20,16.27,-0.344,-0.0209
2012-07-23,18.62,,
2012-07-24,20.47,,
2012-07-25,19.34,,
2012-07-26,17.53,,
2012-07-27,16.7,-0.365,0.1159
2012-07-30,18.03,,
2012-07-31,18.93,,
2012-08-01,18.96,,
2012-08-02,17.57,,
2012-08-03,15.64,-0.386,-0.1293
2012-08-06,15.95,,
2012-08-07,15.99,,
2012-08-08,15.32,,
2012-08-09,15.28,,
2012-08-10,14.74,-0.405,-0.1724
2012-08-13,13.7,,
2012-08-14,14.85,,
2012-08-15,14.63,,
2012-08-16,14.29,,
2012-08-17,13.45,-0.424,-0.1054
2012-08-20,14.02,,
2012-08-21,15.02,,
2012-08-22,15.11,,
2012-08-23,15.96,,
2012-08-24,15.18,-0.442,-0.1534
2012-08-27,16.35,,
2012-08-28,16.49,,
2012-08-29,17.06,,
2012-08-30,17.83,,
2012-08-31,17.47,-0.459,-0.0617
2012-09-04,17.98,,
2012-09-05,17.74,,
2012-09-06,15.6,,
2012-09-07,14.38,-0.478,-0.1936
2012-09-10,16.28,,
2012-09-11,16.41,,
2012-09-12,15.8,,
2012-09-13,14.05,,
2012-09-14,14.51,-0.497,-0.4747
2012-09-17,14.59,,
2012-09-18,14.18,,
2012-09-19,13.88,,
2012-09-20,14.07,,
2012-09-21,13.98,-0.513,-0.5219
2012-09-24,14.15,,
2012-09-25,15.43,,
2012-09-26,16.81,,
2012-09-27,14.84,,
2012-09-28,15.73,-0.526,-0.2084
2012-10-01,16.32,,
2012-10-02,15.71,,
2012-10-03,15.43,,
2012-10-04,14.55,,
2012-10-05,14.33,-0.537,-0.4283
2012-10-08,15.11,,
2012-10-09,16.37,,
2012-10-10,16.29,,
2012-10-11,15.59,,
2012-10-12,16.14,-0.544,-0.4616
2012-10-15,15.27,,
2012-10-16,15.22,,
2012-10-17,15.07,,
2012-10-18,15.03,,
2012-10-19,17.06,-0.548,-0.599
2012-10-22,16.62,,
2012-10-23,18.83,,
2012-10-24,18.33,,
2012-10-25,18.12,,
2012-10-26,17.81,-0.548,-0.3431
2012-10-31,18.6,,
2012-11-01,16.69,,
2012-11-02,17.59,-0.547,-0.3281
2012-11-05,18.42,,
2012-11-06,17.58,,
2012-11-07,19.08,,
2012-11-08,18.49,,
2012-11-09,18.61,-0.545,-0.303
2012-11-12,16.68,,
2012-11-13,16.65,,
2012-11-14,17.92,,
2012-11-15,17.99,,
2012-11-16,16.41,-0.545,-0.1901
2012-11-19,15.24,,
2012-11-20,15.08,,
2012-11-21,15.31,,
2012-11-23,15.14,-0.548,-0.533
2012-11-26,15.5,,
2012-11-27,15.92,,
2012-11-28,15.51,,
2012-11-29,15.06,,
2012-11-30,15.87,-0.554,-0.4738
2012-12-03,16.64,,
2012-12-04,17.12,,
2012-12-05,16.46,,
2012-12-06,16.58,,
2012-12-07,15.9,-0.562,-0.5176
2012-12-10,16.05,,
2012-12-11,15.57,,
2012-12-12,15.95,,
2012-12-13,16.56,,
2012-12-14,17.0,-0.573,-0.5786
2012-12-17,16.34,,
2012-12-18,15.57,,
2012-12-19,17.36,,
2012-12-20,17.67,,
2012-12-21,17.84,-0.586,-0.564
2012-12-24,17.84,,
2012-12-26,19.48,,
2012-12-27,19.47,,
2012-12-28,22.72,-0.598,-0.3611
2012-12-31,18.02,,
2013-01-02,14.68,,
2013-01-03,14.56,,
2013-01-04,13.83,-0.612,-0.6296
2013-01-07,13.79,,
2013-01-08,13.62,,
2013-01-09,13.81,,
2013-01-10,13.49,,
2013-01-11,13.36,-0.625,-0.6136
2013-01-14,13.52,,
2013-01-15,13.55,,
2013-01-16,13.42,,
2013-01-17,13.57,,
2013-01-18,12.46,-0.634,-0.6292
2013-01-22,12.43,,
2013-01-23,12.46,,
2013-01-24,12.69,,
2013-01-25,12.89,-0.641,-0.6633
2013-01-28,13.57,,
2013-01-29,13.31,,
2013-01-30,14.32,,
2013-01-31,14.28,,
2013-02-01,12.9,-0.645,-0.5697
2013-02-04,14.67,,
2013-02-05,13.72,,
2013-02-06,13.41,,
2013-02-07,13.5,,
2013-02-08,13.02,-0.646,-0.5271
2013-02-11,12.94,,
2013-02-12,12.64,,
2013-02-13,12.98,,
2013-02-14,12.66,,
2013-02-15,12.46,-0.647,-0.6637
2013-02-19,12.31,,
2013-02-20,14.68,,
2013-02-21,15.22,,
2013-02-22,14.17,-0.648,-0.6193
2013-02-25,18.99,,
2013-02-26,16.87,,
2013-02-27,14.73,,
2013-02-28,15.51,,
2013-03-01,15.36,-0.649,-0.5034
2013-03-04,14.01,,
2013-03-05,13.48,,
2013-03-06,13.53,,
2013-03-07,13.06,,
2013-03-08,12.59,-0.651,-0.749
2013-03-11,11.56,,
2013-03-12,12.27,,
2013-03-13,11.83,,
2013-03-14,11.3,,
2013-03-15,11.3,-0.653,-0.785
2013-03-18,13.36,,
2013-03-19,14.39,,
2013-03-20,12.67,,
2013-03-21,13.99,,
2013-03-22,13.57,-0.656,-0.5682
2013-03-25,13.74,,
2013-03-26,12.77,,
2013-03-27,13.15,,
2013-03-28,12.7,,
2013-03-29,,-0.661,-0.6218
2013-04-01,13.58,,
2013-04-02,12.78,,
2013-04-03,14.21,,
2013-04-04,13.89,,
2013-04-05,13.92,-0.668,-0.546
2013-04-08,13.19,,
2013-04-09,12.84,,
2013-04-10,12.36,,
2013-04-11,12.24,,
2013-04-12,12.06,-0.679,-0.7177
2013-04-15,17.27,,
2013-04-16,13.96,,
2013-04-17,16.51,,
2013-04-18,17.56,,
2013-04-19,14.97,-0.69,-0.4839
2013-04-22,14.39,,
2013-04-23,13.48,,
2013-04-24,13.61,,
2013-04-25,13.62,,
2013-04-26,13.61,-0.702,-0.6819
2013-04-29,13.71,,
2013-04-30,13.52,,
2013-05-01,14.49,,
2013-05-02,13.59,,
2013-05-03,12.85,-0.711,-0.6603
2013-05-06,12.66,,
2013-05-07,12.83,,
2013-05-08,12.66,,
2013-05-09,13.13,,
2013-05-10,12.59,-0.716,-0.7673
2013-05-13,12.55,,
2013-05-14,12.77,,
2013-05-15,12.81,,
2013-05-16,13.07,,
2013-05-17,12.45,-0.713,-0.6129
2013-05-20,13.02,,
2013-05-21,13.37,,
2013-05-22,13.82,,
2013-05-23,14.07,,
2013-05-24,13.99,-0.704,-0.5291
2013-05-28,14.48,,
2013-05-29,14.83,,
2013-05-30,14.53,,
2013-05-31,16.3,-0.688,-0.367
2013-06-03,16.28,,
2013-06-04,16.27,,
2013-06-05,17.5,,
2013-06-06,16.63,,
2013-06-07,15.14,-0.669,-0.0842
2013-06-10,15.44,,
2013-06-11,17.07,,
2013-06-12,18.59,,
2013-06-13,16.41,,
2013-06-14,17.15,-0.65,-0.1455
2013-06-17,16.8,,
2013-06-18,16.61,,
2013-06-19,16.64,,
2013-06-20,20.49,,
2013-06-21,18.9,-0.635,-0.117
2013-06-24,20.11,,
2013-06-25,18.47,,
2013-06-26,17.21,,
2013-06-27,16.86,,
2013-06-28,16.86,-0.627,0.0708
2013-07-01,16.37,,
2013-07-02,16.44,,
2013-07-03,16.2,,
2013-07-05,14.89,-0.627,-0.1411
2013-07-08,14.78,,
2013-07-09,14.35,,
2013-07-10,14.21,,
2013-07-11,14.01,,
2013-07-12,13.84,-0.635,-0.3044
2013-07-15,13.79,,
2013-07-16,14.42,,
2013-07-17,13.78,,
2013-07-18,13.77,,
2013-07-19,12.54,-0.646,-0.5022
2013-07-22,12.29,,
2013-07-23,12.66,,
2013-07-24,13.18,,
2013-07-25,12.97,,
2013-07-26,12.72,-0.658,-0.484
2013-07-29,13.39,,
2013-07-30,13.39,,
2013-07-31,13.45,,
2013-08-01,12.94,,
2013-08-02,11.98,-0.666,-0.3611
2013-08-05,11.84,,
2013-08-06,12.72,,
2013-08-07,12.98,,
2013-08-08,12.73,,
2013-08-09,13.41,-0.67,-0.4041
2013-08-12,12.81,,
2013-08-13,12.31,,
2013-08-14,13.04,,
2013-08-15,14.73,,
2013-08-16,14.37,-0.67,-0.3699
2013-08-19,15.1,,
2013-08-20,14.91,,
2013-08-21,15.94,,
2013-08-22,14.76,,
2013-08-23,13.98,-0.666,-0.1924
2013-08-26,14.99,,
2013-08-27,16.77,,
2013-08-28,16.49,,
2013-08-29,16.81,,
2013-08-30,17.01,-0.662,-0.1582
2013-09-03,16.61,,
2013-09-04,15.88,,
2013-09-05,15.77,,
2013-09-06,15.85,-0.661,-0.249
2013-09-09,15.63,,
2013-09-10,14.53,,
2013-09-11,13.82,,
2013-09-12,14.29,,
2013-09-13,14.16,-0.662,-0.3213
2013-09-16,14.38,,
2013-09-17,14.53,,
2013-09-18,13.59,,
2013-09-19,13.16,,
2013-09-20,13.12,-0.667,-0.4391
2013-09-23,14.31,,
2013-09-24,14.08,,
2013-09-25,14.01,,
2013-09-26,14.06,,
2013-09-27,15.46,-0.674,-0.3343
2013-09-30,16.6,,
2013-10-01,15.54,,
2013-10-02,16.6,,
2013-10-03,17.67,,
2013-10-04,16.74,-0.683,-0.255
2013-10-07,19.41,,
2013-10-08,20.34,,
2013-10-09,19.6,,
2013-10-10,16.48,,
2013-10-11,15.72,-0.696,-0.3876
2013-10-14,16.07,,
2013-10-15,18.66,,
2013-10-16,14.71,,
2013-10-17,13.48,,
2013-10-18,13.04,-0.709,-0.5506
2013-10-21,13.16,,
2013-10-22,13.33,,
2013-10-23,13.42,,
2013-10-24,13.2,,
2013-10-25,13.09,-0.723,-0.5696
2013-10-28,13.31,,
2013-10-29,13.41,,
2013-10-30,13.65,,
2013-10-31,13.75,,
2013-11-01,13.28,-0.735,-0.5252
2013-11-04,12.93,,
2013-11-05,13.27,,
2013-11-06,12.67,,
2013-11-07,13.91,,
2013-11-08,12.9,-0.746,-0.5109
2013-11-11,12.53,,
2013-11-12,12.82,,
2013-11-13,12.52,,
2013-11-14,12.37,,
2013-11-15,12.19,-0.755,-0.5642
2013-11-18,13.1,,
2013-11-19,13.39,,
2013-11-20,13.4,,
2013-11-21,12.66,,
2013-11-22,12.26,-0.762,-0.639
2013-11-25,12.79,,
2013-11-26,12.81,,
2013-11-27,12.98,,
2013-11-29,13.7,-0.767,-0.5719
2013-12-02,14.23,,
2013-12-03,14.55,,
2013-12-04,14.7,,
2013-12-05,15.08,,
2013-12-06,13.79,-0.771,-0.4524
2013-12-09,13.49,,
2013-12-10,13.91,,
2013-12-11,15.42,,
2013-12-12,15.54,,
2013-12-13,15.76,-0.773,-0.4979
2013-12-16,16.03,,
2013-12-17,16.21,,
2013-12-18,13.8,,
2013-12-19,14.15,,
2013-12-20,13.79,-0.775,-0.5618
2013-12-23,13.04,,
2013-12-24,12.48,,
2013-12-26,12.33,,
2013-12-27,12.46,-0.776,-0.6753
2013-12-30,13.56,,
2013-12-31,13.72,,
2014-01-02,14.23,,
2014-01-03,13.76,-0.774,-0.5563
2014-01-06,13.55,,
2014-01-07,12.92,,
2014-01-08,12.87,,
2014-01-09,12.89,,
2014-01-10,12.14,-0.771,-0.6324
2014-01-13,13.28,,
2014-01-14,12.28,,
2014-01-15,12.28,,
2014-01-16,12.53,,
2014-01-17,12.44,-0.767,-0.6359
2014-01-21,12.87,,
2014-01-22,12.84,,
2014-01-23,13.77,,
2014-01-24,18.14,-0.763,-0.5216
2014-01-27,17.42,,
2014-01-28,15.8,,
2014-01-29,17.35,,
2014-01-30,17.29,,
2014-01-31,18.41,-0.761,-0.3298
2014-02-03,21.44,,
2014-02-04,19.11,,
2014-02-05,19.95,,
2014-02-06,17.23,,
2014-02-07,15.29,-0.762,-0.3551
2014-02-10,15.26,,
2014-02-11,14.51,,
2014-02-12,14.3,,
2014-02-13,14.14,,
2014-02-14,13.57,-0.766,-0.6937
2014-02-18,13.87,,
2014-02-19,15.5,,
2014-02-20,14.79,,
2014-02-21,14.68,-0.77,-0.5751
2014-02-24,14.23,,
2014-02-25,13.67,,
2014-02-26,14.35,,
2014-02-27,14.04,,
2014-02-28,14.0,-0.774,-0.6539
2014-03-03,16.0,,
2014-03-04,14.1,,
2014-03-05,13.89,,
2014-03-06,14.21,,
2014-03-07,14.11,-0.777,-0.6278
2014-03-10,14.2,,
2014-03-11,14.8,,
2014-03-12,14.47,,
2014-03-13,16.22,,
2014-03-14,17.82,-0.778,-0.5626
2014-03-17,15.64,,
2014-03-18,14.52,,
2014-03-19,15.12,,
2014-03-20,14.52,,
2014-03-21,15.0,-0.777,-0.6097
2014-03-24,15.09,,
2014-03-25,14.02,,
2014-03-26,14.93,,
2014-03-27,14.62,,
2014-03-28,14.41,-0.774,-0.6286
2014-03-31,13.88,,
2014-04-01,13.1,,
2014-04-02,13.09,,
2014-04-03,13.37,,
2014-04-04,13.96,-0.772,-0.6212
2014-04-07,15.57,,
2014-04-08,14.89,,
2014-04-09,13.82,,
2014-04-10,15.89,,
2014-04-11,17.03,-0.769,-0.5165
2014-04-14,16.11,,
2014-04-15,15.61,,
2014-04-16,14.18,,
2014-04-17,13.36,,
2014-04-18,,-0.767,-0.6117
2014-04-21,13.25,,
2014-04-22,13.19,,
2014-04-23,13.27,,
2014-04-24,13.32,,
2014-04-25,14.06,-0.766,-0.7209
2014-04-28,13.97,,
2014-04-29,13.71,,
2014-04-30,13.41,,
2014-05-01,13.25,,
2014-05-02,12.91,-0.768,-0.6582
2014-05-05,13.29,,
2014-05-06,13.8,,
2014-05-07,13.4,,
2014-05-08,13.43,,
2014-05-09,12.92,-0.771,-0.6628
2014-05-12,12.23,,
2014-05-13,12.13,,
2014-05-14,12.17,,
2014-05-15,13.17,,
2014-05-16,12.44,-0.775,-0.6962
2014-05-19,12.42,,
2014-05-20,12.96,,
2014-05-21,11.91,,
2014-05-22,12.03,,
2014-05-23,11.36,-0.781,-0.703
2014-05-27,11.51,,
2014-05-28,11.68,,
2014-05-29,11.57,,
2014-05-30,11.4,-0.787,-0.7647
2014-06-02,11.58,,
2014-06-03,11.87,,
2014-06-04,12.08,,
2014-06-05,11.68,,
2014-06-06,10.73,-0.79,-0.7812
2014-06-09,11.15,,
2014-06-10,10.99,,
2014-06-11,11.6,,
2014-06-12,12.56,,
2014-06-13,12.18,-0.79,-0.7992
2014-06-16,12.65,,
2014-06-17,12.06,,
2014-06-18,10.61,,
2014-06-19,10.62,,
2014-06-20,10.85,-0.787,-0.8095
2014-06-23,10.98,,
2014-06-24,12.13,,
2014-06-25,11.59,,
2014-06-26,11.63,,
2014-06-27,11.26,-0.78,-0.7973
2014-06-30,11.57,,
2014-07-01,11.15,,
2014-07-02,10.82,,
2014-07-03,10.32,,
2014-07-04,,-0.77,-0.7714
2014-07-07,11.33,,
2014-07-08,11.98,,
2014-07-09,11.65,,
2014-07-10,12.59,,
2014-07-11,12.08,-0.759,-0.7186
2014-07-14,11.82,,
2014-07-15,11.96,,
2014-07-16,11.0,,
2014-07-17,14.54,,
2014-07-18,12.06,-0.747,-0.6619
2014-07-21,12.81,,
2014-07-22,12.24,,
2014-07-23,11.52,,
2014-07-24,11.84,,
2014-07-25,12.69,-0.737,-0.6882
2014-07-28,12.56,,
2014-07-29,13.28,,
2014-07-30,13.33,,
2014-07-31,16.95,,
2014-08-01,17.03,-0.728,-0.5646
2014-08-04,15.12,,
2014-08-05,16.87,,
2014-08-06,16.37,,
2014-08-07,16.66,,
2014-08-08,15.77,-0.723,-0.3923
2014-08-11,14.23,,
2014-08-12,14.13,,
2014-08-13,12.9,,
2014-08-14,12.42,,
2014-08-15,13.15,-0.723,-0.664
2014-08-18,12.32,,
2014-08-19,12.21,,
2014-08-20,11.78,,
2014-08-21,11.76,,
2014-08-22,11.47,-0.722,-0.7241
2014-08-25,11.7,,
2014-08-26,11.63,,
2014-08-27,11.78,,
2014-08-28,12.05,,
2014-08-29,11.98,-0.72,-0.6607
2014-09-02,12.25,,
2014-09-03,12.36,,
2014-09-04,12.64,,
2014-09-05,12.09,-0.714,-0.6113
2014-09-08,12.66,,
2014-09-09,13.5,,
2014-09-10,12.88,,
2014-09-11,12.8,,
2014-09-12,13.31,-0.703,-0.5172
2014-09-15,14.12,,
2014-09-16,12.73,,
2014-09-17,12.65,,
2014-09-18,12.03,,
2014-09-19,12.11,-0.688,-0.5228
2014-09-22,13.69,,
2014-09-23,14.93,,
2014-09-24,13.27,,
2014-09-25,15.64,,
2014-09-26,14.85,-0.671,-0.3514
2014-09-29,15.98,,
2014-09-30,16.31,,
2014-10-01,16.71,,
2014-10-02,16.16,,
2014-10-03,14.55,-0.655,-0.3043
2014-10-06,15.46,,
2014-10-07,17.2,,
2014-10-08,15.11,,
2014-10-09,18.76,,
2014-10-10,21.24,-0.644,-0.2838
2014-10-13,24.64,,
2014-10-14,22.79,,
2014-10-15,26.25,,
2014-10-16,25.2,,
2014-10-17,21.99,-0.636,0.1653
2014-10-20,18.57,,
2014-10-21,16.08,,
2014-10-22,17.87,,
2014-10-23,16.53,,
2014-10-24,16.11,-0.637,-0.4448
2014-10-27,16.04,,
2014-10-28,14.39,,
2014-10-29,15.15,,
2014-10-30,14.52,,
2014-10-31,14.03,-0.642,-0.4706
2014-11-03,14.73,,
2014-11-04,14.89,,
2014-11-05,14.17,,
2014-11-06,13.67,,
2014-11-07,13.12,-0.649,-0.4363
2014-11-10,12.67,,
2014-11-11,12.92,,
2014-11-12,13.02,,
2014-11-13,13.79,,
2014-11-14,13.31,-0.654,-0.4245
2014-11-17,13.99,,
2014-11-18,13.86,,
2014-11-19,13.96,,
2014-11-20,13.58,,
2014-11-21,12.9,-0.654,-0.2982
2014-11-24,12.62,,
2014-11-25,12.25,,
2014-11-26,12.07,,
2014-11-28,13.33,-0.648,-0.3959
2014-12-01,14.29,,
2014-12-02,12.85,,
2014-12-03,12.47,,
2014-12-04,12.38,,
2014-12-05,11.82,-0.635,-0.2824
2014-12-08,14.21,,
2014-12-09,14.89,,
2014-12-10,18.53,,
2014-12-11,20.08,,
2014-12-12,21.08,-0.615,-0.0008
2014-12-15,20.42,,
2014-12-16,23.57,,
2014-12-17,19.44,,
2014-12-18,16.81,,
2014-12-19,16.49,-0.593,0.0932
2014-12-22,15.25,,
2014-12-23,14.8,,
2014-12-24,14.37,,
2014-12-26,14.5,-0.571,-0.478
2014-12-29,15.06,,
2014-12-30,15.92,,
2014-12-31,19.2,,
2015-01-02,17.79,-0.549,-0.0972
2015-01-05,19.92,,
2015-01-06,21.12,,
2015-01-07,19.31,,
2015-01-08,17.01,,
2015-01-09,17.55,-0.531,0.1627
2015-01-12,19.6,,
2015-01-13,20.56,,
2015-01-14,21.48,,
2015-01-15,22.39,,
2015-01-16,20.95,-0.516,0.1653
2015-01-20,19.89,,
2015-01-21,18.85,,
2015-01-22,16.4,,
2015-01-23,16.66,-0.507,-0.0083
2015-01-26,15.52,,
2015-01-27,17.22,,
2015-01-28,20.44,,
2015-01-29,18.76,,
2015-01-30,20.97,-0.504,0.0191
2015-02-02,19.43,,
2015-02-03,17.33,,
2015-02-04,18.33,,
2015-02-05,16.85,,
2015-02-06,17.29,-0.505,-0.1651
2015-02-09,18.55,,
2015-02-10,17.23,,
2015-02-11,16.96,,
2015-02-12,15.34,,
2015-02-13,14.69,-0.51,-0.2597
2015-02-17,15.8,,
2015-02-18,15.45,,
2015-02-19,15.29,,
2015-02-20,14.3,-0.516,-0.2403
2015-02-23,14.56,,
2015-02-24,13.69,,
2015-02-25,13.84,,
2015-02-26,13.91,,
2015-02-27,13.34,-0.523,-0.2116
2015-03-02,13.04,,
2015-03-03,13.86,,
2015-03-04,14.23,,
2015-03-05,14.04,,
2015-03-06,15.2,-0.528,-0.2644
2015-03-09,15.06,,
2015-03-10,16.69,,
2015-03-11,16.87,,
2015-03-12,15.42,,
2015-03-13,16.0,-0.532,-0.1035
2015-03-16,15.61,,
2015-03-17,15.66,,
2015-03-18,13.97,,
2015-03-19,14.07,,
2015-03-20,13.02,-0.535,-0.1236
2015-03-23,13.41,,
2015-03-24,13.62,,
2015-03-25,15.44,,
2015-03-26,15.8,,
2015-03-27,15.07,-0.537,-0.191
2015-03-30,14.51,,
2015-03-31,15.29,,
2015-04-01,15.11,,
2015-04-02,14.67,,
2015-04-03,,-0.539,-0.1767
2015-04-06,14.74,,
2015-04-07,14.78,,
2015-04-08,13.98,,
2015-04-09,13.09,,
2015-04-10,12.58,-0.54,-0.3539
2015-04-13,13.94,,
2015-04-14,13.67,,
2015-04-15,12.84,,
2015-04-16,12.6,,
2015-04-17,13.89,-0.542,-0.3423
2015-04-20,13.3,,
2015-04-21,13.25,,
2015-04-22,12.71,,
2015-04-23,12.48,,
2015-04-24,12.29,-0.543,-0.3922
2015-04-27,13.12,,
2015-04-28,12.41,,
2015-04-29,13.39,,
2015-04-30,14.55,,
2015-05-01,12.7,-0.544,-0.3749
2015-05-04,12.85,,
2015-05-05,14.31,,
2015-05-06,15.15,,
2015-05-07,15.13,,
2015-05-08,12.86,-0.544,-0.3209
2015-05-11,13.85,,
2015-05-12,13.86,,
2015-05-13,13.76,,
2015-05-14,12.74,,
2015-05-15,12.38,-0.544,-0.2881
2015-05-18,12.73,,
2015-05-19,12.85,,
2015-05-20,12.88,,
2015-05-21,12.11,,
2015-05-22,12.13,-0.545,-0.284
2015-05-26,14.06,,
2015-05-27,13.27,,
2015-05-28,13.31,,
2015-05-29,13.84,-0.545,-0.1767
2015-06-01,13.97,,
2015-06-02,14.24,,
2015-06-03,13.66,,
2015-06-04,14.71,,
2015-06-05,14.21,-0.544,-0.1915
2015-06-08,15.29,,
2015-06-09,14.47,,
2015-06-10,13.22,,
2015-06-11,12.85,,
2015-06-12,13.78,-0.543,-0.2027
2015-06-15,15.39,,
2015-06-16,14.81,,
2015-06-17,14.5,,
2015-06-18,13.19,,
2015-06-19,13.96,-0.54,-0.1487
2015-06-22,12.74,,
2015-06-23,12.11,,
2015-06-24,13.26,,
2015-06-25,14.01,,
2015-06-26,14.02,-0.538,-0.3095
2015-06-29,18.85,,
2015-06-30,18.23,,
2015-07-01,16.09,,
2015-07-02,16.79,,
2015-07-03,,-0.533,0.0823
2015-07-06,17.01,,
2015-07-07,16.09,,
2015-07-08,19.66,,
2015-07-09,19.97,,
2015-07-10,16.83,-0.528,0.0007
2015-07-13,13.9,,
2015-07-14,13.37,,
2015-07-15,13.23,,
2015-07-16,12.11,,
2015-07-17,11.95,-0.522,-0.3339
2015-07-20,12.25,,
2015-07-21,12.22,,
2015-07-22,12.12,,
2015-07-23,12.64,,
2015-07-24,13.74,-0.513,-0.1714
2015-07-27,15.6,,
2015-07-28,13.44,,
2015-07-29,12.5,,
2015-07-30,12.13,,
2015-07-31,12.12,-0.498,-0.0808
2015-08-03,12.56,,
2015-08-04,13.0,,
2015-08-05,12.51,,
2015-08-06,13.77,,
2015-08-07,13.39,-0.479,-0.1297
2015-08-10,12.23,,
2015-08-11,13.71,,
2015-08-12,13.61,,
2015-08-13,13.49,,
2015-08-14,12.83,-0.458,-0.0371
2015-08-17,13.02,,
2015-08-18,13.79,,
2015-08-19,15.25,,
2015-08-20,19.14,,
2015-08-21,28.03,-0.436,0.1894
2015-08-24,40.74,,
2015-08-25,36.02,,
2015-08-26,30.32,,
2015-08-27,26.1,,
2015-08-28,26.05,-0.416,0.6829
2015-08-31,28.43,,
2015-09-01,31.4,,
2015-09-02,26.09,,
2015-09-03,25.61,,
2015-09-04,27.8,-0.403,0.2983
2015-09-08,24.9,,
2015-09-09,26.23,,
2015-09-10,24.37,,
2015-09-11,23.2,-0.397,0.1929
2015-09-14,24.25,,
2015-09-15,22.54,,
2015-09-16,21.35,,
2015-09-17,21.14,,
2015-09-18,22.28,-0.397,0.2066
2015-09-21,20.14,,
2015-09-22,22.44,,
2015-09-23,22.13,,
2015-09-24,23.47,,
2015-09-25,23.62,-0.403,0.438
2015-09-28,27.63,,
2015-09-29,26.83,,
2015-09-30,24.5,,
2015-10-01,22.55,,
2015-10-02,20.94,-0.412,0.7115
2015-10-05,19.54,,
2015-10-06,19.4,,
2015-10-07,18.4,,
2015-10-08,17.42,,
2015-10-09,17.08,-0.428,0.0872
2015-10-12,16.17,,
2015-10-13,17.67,,
2015-10-14,18.03,,
2015-10-15,16.05,,
2015-10-16,15.05,-0.442,0.168
2015-10-19,14.98,,
2015-10-20,15.75,,
2015-10-21,16.7,,
2015-10-22,14.45,,
2015-10-23,14.46,-0.455,0.041
2015-10-26,15.29,,
2015-10-27,15.43,,
2015-10-28,14.33,,
2015-10-29,14.61,,
2015-10-30,15.07,-0.464,0.0035
2015-11-02,14.15,,
2015-11-03,14.54,,
2015-11-04,15.51,,
2015-11-05,15.05,,
2015-11-06,14.33,-0.468,-0.0767
2015-11-09,16.52,,
2015-11-10,15.29,,
2015-11-11,16.06,,
2015-11-12,18.37,,
2015-11-13,20.08,-0.465,0.1385
2015-11-16,18.16,,
2015-11-17,18.84,,
2015-11-18,16.85,,
2015-11-19,16.99,,
2015-11-20,15.47,-0.455,0.1169
2015-11-23,15.62,,
2015-11-24,15.93,,
2015-11-25,15.19,,
2015-11-27,15.12,-0.442,0.0602
2015-11-30,16.13,,
2015-12-01,14.67,,
2015-12-02,15.91,,
2015-12-03,18.11,,
2015-12-04,14.81,-0.423,0.1389
2015-12-07,15.84,,
2015-12-08,17.6,,
2015-12-09,19.61,,
2015-12-10,19.34,,
2015-12-11,24.39,-0.401,0.4717
2015-12-14,22.73,,
2015-12-15,20.95,,
2015-12-16,17.86,,
2015-12-17,18.94,,
2015-12-18,20.7,-0.38,0.5483
2015-12-21,18.7,,
2015-12-22,16.6,,
2015-12-23,15.57,,
2015-12-24,15.74,,
2015-12-25,,-0.36,0.3916
2015-12-28,16.91,,
2015-12-29,16.08,,
2015-12-30,17.29,,
2015-12-31,18.21,,
2016-01-01,,-0.342,0.3272
2016-01-04,20.7,,
2016-01-05,19.34,,
2016-01-06,20.59,,
2016-01-07,24.99,,
2016-01-08,27.01,-0.327,0.7187
2016-01-11,24.3,,
2016-01-12,22.47,,
2016-01-13,25.22,,
2016-01-14,23.95,,
2016-01-15,27.02,-0.313,0.8863
2016-01-19,26.05,,
2016-01-20,27.59,,
2016-01-21,26.69,,
2016-01-22,22.34,-0.304,0.999
2016-01-25,24.15,,
2016-01-26,22.5,,
2016-01-27,23.11,,
2016-01-28,22.42,,
2016-01-29,20.2,-0.297,0.5542
2016-02-01,19.98,,
2016-02-02,21.98,,
2016-02-03,21.65,,
2016-02-04,21.84,,
2016-02-05,23.38,-0.294,0.7324
2016-02-08,26.0,,
2016-02-09,26.54,,
2016-02-10,26.29,,
2016-02-11,28.14,,
2016-02-12,25.4,-0.294,1.273
2016-02-16,24.11,,
2016-02-17,22.31,,
2016-02-18,21.64,,
2016-02-19,20.53,-0.303,0.5838
2016-02-22,19.38,,
2016-02-23,20.98,,
2016-02-24,20.72,,
2016-02-25,19.11,,
2016-02-26,19.81,-0.315,0.5678
2016-02-29,20.55,,
2016-03-01,17.7,,
2016-03-02,17.09,,
2016-03-03,16.7,,
2016-03-04,16.86,-0.33,0.2463
2016-03-07,17.35,,
2016-03-08,18.67,,
2016-03-09,18.34,,
2016-03-10,18.05,,
2016-03-11,16.5,-0.345,0.2836
2016-03-14,16.92,,
2016-03-15,16.84,,
2016-03-16,14.99,,
2016-03-17,14.44,,
2016-03-18,14.02,-0.359,0.1728
2016-03-21,13.79,,
2016-03-22,14.17,,
2016-03-23,14.94,,
2016-03-24,14.74,,
2016-03-25,,-0.368,0.1764
2016-03-28,15.24,,
2016-03-29,13.82,,
2016-03-30,13.56,,
2016-03-31,13.95,,
2016-04-01,13.1,-0.375,0.3956
2016-04-04,14.12,,
2016-04-05,15.42,,
2016-04-06,14.09,,
2016-04-07,16.16,,
2016-04-08,15.36,-0.379,0.3528
2016-04-11,16.26,,
2016-04-12,14.85,,
2016-04-13,13.84,,
2016-04-14,13.72,,
2016-04-15,13.62,-0.382,0.104
2016-04-18,13.35,,
2016-04-19,13.24,,
2016-04-20,13.28,,
2016-04-21,13.95,,
2016-04-22,13.22,-0.384,-0.0131
2016-04-25,14.08,,
2016-04-26,13.96,,
2016-04-27,13.77,,
2016-04-28,15.22,,
2016-04-29,15.7,-0.383,0.0783
2016-05-02,14.68,,
2016-05-03,15.6,,
2016-05-04,16.05,,
2016-05-05,15.91,,
2016-05-06,14.72,-0.382,0.2845
2016-05-09,14.57,,
2016-05-10,13.63,,
2016-05-11,14.69,,
2016-05-12,14.41,,
2016-05-13,15.04,-0.38,0.1924
2016-05-16,14.68,,
2016-05-17,15.57,,
2016-05-18,15.95,,
2016-05-19,16.33,,
2016-05-20,15.2,-0.376,0.0836
2016-05-23,15.82,,
2016-05-24,14.42,,
2016-05-25,13.9,,
2016-05-26,13.43,,
2016-05-27,13.12,-0.372,0.0064
2016-05-31,14.19,,
2016-06-01,14.2,,
2016-06-02,13.63,,
2016-06-03,13.47,-0.365,0.1404
2016-06-06,13.65,,
2016-06-07,14.05,,
2016-06-08,14.08,,
2016-06-09,14.64,,
2016-06-10,17.03,-0.358,0.1707
2016-06-13,20.97,,
2016-06-14,20.5,,
2016-06-15,20.14,,
2016-06-16,19.37,,
2016-06-17,19.41,-0.351,0.5828
2016-06-20,18.37,,
2016-06-21,18.48,,
2016-06-22,21.17,,
2016-06-23,17.25,,
2016-06-24,25.76,-0.345,0.2661
2016-06-27,23.85,,
2016-06-28,18.75,,
2016-06-29,16.64,,
2016-06-30,15.63,,
2016-07-01,14.77,-0.342,0.6037
2016-07-05,15.58,,
2016-07-06,14.96,,
2016-07-07,14.76,,
2016-07-08,13.2,-0.344,0.225
2016-07-11,13.54,,
2016-07-12,13.55,,
2016-07-13,13.04,,
2016-07-14,12.82,,
2016-07-15,12.67,-0.348,-0.0929
2016-07-18,12.44,,
2016-07-19,11.97,,
2016-07-20,11.77,,
2016-07-21,12.74,,
2016-07-22,12.02,-0.352,0.1009
2016-07-25,12.87,,
2016-07-26,13.05,,
2016-07-27,12.83,,
2016-07-28,12.72,,
2016-07-29,11.87,-0.356,0.2483
2016-08-01,12.44,,
2016-08-02,13.37,,
2016-08-03,12.86,,
2016-08-04,12.42,,
2016-08-05,11.39,-0.359,0.3664
2016-08-08,11.5,,
2016-08-09,11.66,,
2016-08-10,12.05,,
2016-08-11,11.68,,
2016-08-12,11.55,-0.359,0.2241
2016-08-15,11.81,,
2016-08-16,12.64,,
2016-08-17,12.19,,
2016-08-18,11.43,,
2016-08-19,11.34,-0.356,0.2037
2016-08-22,12.27,,
2016-08-23,12.38,,
2016-08-24,13.45,,
2016-08-25,13.63,,
2016-08-26,13.65,-0.351,0.2816
2016-08-29,12.94,,
2016-08-30,13.12,,
2016-08-31,13.42,,
2016-09-01,13.48,,
2016-09-02,11.98,-0.344,0.294
2016-09-06,12.02,,
2016-09-07,11.94,,
2016-09-08,12.51,,
2016-09-09,17.5,-0.339,0.3044
2016-09-12,15.16,,
2016-09-13,17.85,,
2016-09-14,18.14,,
2016-09-15,16.3,,
2016-09-16,15.37,-0.334,0.5059
2016-09-19,15.53,,
2016-09-20,15.92,,
2016-09-21,13.3,,
2016-09-22,12.02,,
2016-09-23,12.29,-0.333,0.3459
2016-09-26,14.5,,
2016-09-27,13.1,,
2016-09-28,12.39,,
2016-09-29,14.02,,
2016-09-30,13.29,-0.336,0.3265
2016-10-03,13.57,,
2016-10-04,13.63,,
2016-10-05,12.99,,
2016-10-06,12.84,,
2016-10-07,13.48,-0.343,0.0952
2016-10-10,13.38,,
2016-10-11,15.36,,
2016-10-12,15.91,,
2016-10-13,16.69,,
2016-10-14,16.12,-0.352,0.2319
2016-10-17,16.21,,
2016-10-18,15.28,,
2016-10-19,14.41,,
2016-10-20,13.75,,
2016-10-21,13.34,-0.364,0.1934
2016-10-24,13.02,,
2016-10-25,13.46,,
2016-10-26,14.24,,
2016-10-27,15.36,,
2016-10-28,16.19,-0.377,0.1149
2016-10-31,17.06,,
2016-11-01,18.56,,
2016-11-02,19.32,,
2016-11-03,22.08,,
2016-11-04,22.51,-0.389,0.5032
2016-11-07,18.71,,
2016-11-08,18.74,,
2016-11-09,14.38,,
2016-11-10,14.74,,
2016-11-11,14.17,-0.403,-0.009
2016-11-14,14.48,,
2016-11-15,13.37,,
2016-11-16,13.72,,
2016-11-17,13.35,,
2016-11-18,12.85,-0.416,-0.0376
2016-11-21,12.42,,
2016-11-22,12.41,,
2016-11-23,12.43,,
2016-11-25,12.34,-0.427,-0.1085
2016-11-28,13.15,,
2016-11-29,12.9,,
2016-11-30,13.33,,
2016-12-01,14.07,,
2016-12-02,14.12,-0.437,0.0033
2016-12-05,12.14,,
2016-12-06,11.79,,
2016-12-07,12.22,,
2016-12-08,12.64,,
2016-12-09,11.75,-0.446,-0.2477
2016-12-12,12.64,,
2016-12-13,12.72,,
2016-12-14,13.19,,
2016-12-15,12.79,,
2016-12-16,12.2,-0.452,-0.1485
2016-12-19,11.71,,
2016-12-20,11.45,,
2016-12-21,11.27,,
2016-12-22,11.43,,
2016-12-23,11.44,-0.458,-0.0879
2016-12-27,11.99,,
2016-12-28,12.95,,
2016-12-29,13.37,,
2016-12-30,14.04,-0.464,-0.0432
2017-01-03,12.85,,
2017-01-04,11.85,,
2017-01-05,11.67,,
2017-01-06,11.32,-0.47,-0.0835
2017-01-09,11.56,,
2017-01-10,11.49,,
2017-01-11,11.26,,
2017-01-12,11.54,,
2017-01-13,11.23,-0.476,-0.0969
2017-01-17,11.87,,
2017-01-18,12.48,,
2017-01-19,12.78,,
2017-01-20,11.54,-0.48,-0.0787
2017-01-23,11.77,,
2017-01-24,11.07,,
2017-01-25,10.81,,
2017-01-26,10.63,,
2017-01-27,10.58,-0.484,-0.1929
2017-01-30,11.88,,
2017-01-31,11.99,,
2017-02-01,11.81,,
2017-02-02,11.93,,
2017-02-03,10.97,-0.487,-0.1271
2017-02-06,11.37,,
2017-02-07,11.29,,
2017-02-08,11.45,,
2017-02-09,10.88,,
2017-02-10,10.85,-0.488,-0.1621
2017-02-13,11.07,,
2017-02-14,10.74,,
2017-02-15,11.97,,
2017-02-16,11.76,,
2017-02-17,11.49,-0.487,-0.2925
2017-02-21,11.57,,
2017-02-22,11.74,,
2017-02-23,11.71,,
2017-02-24,11.47,-0.485,-0.2114
2017-02-27,12.09,,
2017-02-28,12.92,,
2017-03-01,12.54,,
2017-03-02,11.81,,
2017-03-03,10.96,-0.483,-0.3874
2017-03-06,11.24,,
2017-03-07,11.45,,
2017-03-08,11.86,,
2017-03-09,12.3,,
2017-03-10,11.66,-0.481,-0.4069
2017-03-13,11.35,,
2017-03-14,12.3,,
2017-03-15,11.63,,
2017-03-16,11.21,,
2017-03-17,11.28,-0.478,-0.36
2017-03-20,11.34,,
2017-03-21,12.47,,
2017-03-22,12.81,,
2017-03-23,13.12,,
2017-03-24,12.96,-0.477,-0.2255
2017-03-27,12.5,,
2017-03-28,11.53,,
2017-03-29,11.42,,
2017-03-30,11.54,,
2017-03-31,12.37,-0.478,-0.4016
2017-04-03,12.38,,
2017-04-04,11.79,,
2017-04-05,12.89,,
2017-04-06,12.39,,
2017-04-07,12.87,-0.481,-0.3729
2017-04-10,14.05,,
2017-04-11,15.07,,
2017-04-12,15.77,,
2017-04-13,15.96,,
2017-04-14,,-0.487,-0.2444
2017-04-17,14.66,,
2017-04-18,14.42,,
2017-04-19,14.93,,
2017-04-20,14.15,,
2017-04-21,14.63,-0.495,-0.2419
2017-04-24,10.84,,
2017-04-25,10.76,,
2017-04-26,10.85,,
2017-04-27,10.36,,
2017-04-28,10.82,-0.505,-0.5785
2017-05-01,10.11,,
2017-05-02,10.59,,
2017-05-03,10.68,,
2017-05-04,10.46,,
2017-05-05,10.57,-0.515,-0.4977
2017-05-08,9.77,,
2017-05-09,9.96,,
2017-05-10,10.21,,
2017-05-11,10.6,,
2017-05-12,10.4,-0.526,-0.6051
2017-05-15,10.42,,
2017-05-16,10.65,,
2017-05-17,15.59,,
2017-05-18,14.66,,
2017-05-19,12.04,-0.535,-0.4612
2017-05-22,10.93,,
2017-05-23,10.72,,
2017-05-24,10.02,,
2017-05-25,9.99,,
2017-05-26,9.81,-0.544,-0.6491
2017-05-30,10.38,,
2017-05-31,10.41,,
2017-06-01,9.89,,
2017-06-02,9.75,-0.551,-0.615
2017-06-05,10.07,,
2017-06-06,10.45,,
2017-06-07,10.39,,
2017-06-08,10.16,,
2017-06-09,10.7,-0.557,-0.7063
2017-06-12,11.46,,
2017-06-13,10.42,,
2017-06-14,10.64,,
2017-06-15,10.9,,
2017-06-16,10.38,-0.561,-0.7028
2017-06-19,10.37,,
2017-06-20,10.86,,
2017-06-21,10.75,,
2017-06-22,10.48,,
2017-06-23,10.02,-0.564,-0.4714
2017-06-26,9.9,,
2017-06-27,11.06,,
2017-06-28,10.03,,
2017-06-29,11.44,,
2017-06-30,11.18,-0.568,-0.5551
2017-07-03,11.22,,
2017-07-05,11.07,,
2017-07-06,12.54,,
2017-07-07,11.19,-0.571,-0.5911
2017-07-10,11.11,,
2017-07-11,10.89,,
2017-07-12,10.3,,
2017-07-13,9.9,,
2017-07-14,9.51,-0.574,-0.5602
2017-07-17,9.82,,
2017-07-18,9.89,,
2017-07-19,9.79,,
2017-07-20,9.58,,
2017-07-21,9.36,-0.576,-0.6778
2017-07-24,9.43,,
2017-07-25,9.43,,
2017-07-26,9.6,,
2017-07-27,10.11,,
2017-07-28,10.29,-0.575,-0.7166
2017-07-31,10.26,,
2017-08-01,10.09,,
2017-08-02,10.28,,
2017-08-03,10.44,,
2017-08-04,10.03,-0.572,-0.615
2017-08-07,9.93,,
2017-08-08,10.96,,
2017-08-09,11.11,,
2017-08-10,16.04,,
2017-08-11,15.51,-0.567,-0.4549
2017-08-14,12.33,,
2017-08-15,12.04,,
2017-08-16,11.74,,
2017-08-17,15.55,,
2017-08-18,14.26,-0.562,-0.4324
2017-08-21,13.19,,
2017-08-22,11.35,,
2017-08-23,12.25,,
2017-08-24,12.23,,
2017-08-25,11.28,-0.558,-0.4546
2017-08-28,11.32,,
2017-08-29,11.7,,
2017-08-30,11.22,,
2017-08-31,10.59,,
2017-09-01,10.13,-0.556,-0.5026
2017-09-05,12.23,,
2017-09-06,11.63,,
2017-09-07,11.55,,
2017-09-08,12.12,-0.555,-0.4162
2017-09-11,10.73,,
2017-09-12,10.58,,
2017-09-13,10.5,,
2017-09-14,10.44,,
2017-09-15,10.17,-0.558,-0.6705
2017-09-18,10.15,,
2017-09-19,10.18,,
2017-09-20,9.78,,
2017-09-21,9.67,,
2017-09-22,9.59,-0.562,-0.7101
2017-09-25,10.21,,
2017-09-26,10.17,,
2017-09-27,9.87,,
2017-09-28,9.55,,
2017-09-29,9.51,-0.568,-0.6579
2017-10-02,9.45,,
2017-10-03,9.51,,
2017-10-04,9.63,,
2017-10-05,9.19,,
2017-10-06,9.65,-0.574,-0.7043
2017-10-09,10.33,,
2017-10-10,10.08,,
2017-10-11,9.85,,
2017-10-12,9.91,,
2017-10-13,9.61,-0.581,-0.6644
2017-10-16,9.91,,
2017-10-17,10.31,,
2017-10-18,10.07,,
2017-10-19,10.05,,
2017-10-20,9.97,-0.588,-0.733
2017-10-23,11.07,,
2017-10-24,11.16,,
2017-10-25,11.23,,
2017-10-26,11.3,,
2017-10-27,9.8,-0.594,-0.7408
2017-10-30,10.5,,
2017-10-31,10.18,,
2017-11-01,10.2,,
2017-11-02,9.93,,
2017-11-03,9.14,-0.598,-0.6971
2017-11-06,9.4,,
2017-11-07,9.89,,
2017-11-08,9.78,,
2017-11-09,10.5,,
2017-11-10,11.29,-0.6,-0.6712
2017-11-13,11.5,,
2017-11-14,11.59,,
2017-11-15,13.13,,
2017-11-16,11.76,,
2017-11-17,11.43,-0.601,-0.6697
2017-11-20,10.65,,
2017-11-21,9.73,,
2017-11-22,9.88,,
2017-11-24,9.67,-0.602,-0.821
2017-11-27,9.87,,
2017-11-28,10.03,,
2017-11-29,10.7,,
2017-11-30,11.28,,
2017-12-01,11.43,-0.603,-0.7783
2017-12-04,11.68,,
2017-12-05,11.33,,
2017-12-06,11.02,,
2017-12-07,10.16,,
2017-12-08,9.58,-0.605,-0.7065
2017-12-11,9.34,,
2017-12-12,9.92,,
2017-12-13,10.18,,
2017-12-14,10.49,,
2017-12-15,9.42,-0.607,-0.6436
2017-12-18,9.53,,
2017-12-19,10.03,,
2017-12-20,9.72,,
2017-12-21,9.62,,
2017-12-22,9.9,-0.611,-0.6092
2017-12-26,10.25,,
2017-12-27,10.47,,
2017-12-28,10.18,,
2017-12-29,11.04,-0.615,-0.5019
2018-01-02,9.77,,
2018-01-03,9.15,,
2018-01-04,9.22,,
2018-01-05,9.22,-0.618,-0.6245
2018-01-08,9.52,,
2018-01-09,10.08,,
2018-01-10,9.82,,
2018-01-11,9.88,,
2018-01-12,10.16,-0.618,-0.7059
2018-01-16,11.66,,
2018-01-17,11.91,,
2018-01-18,12.22,,
2018-01-19,11.27,-0.614,-0.6456
2018-01-22,11.03,,
2018-01-23,11.1,,
2018-01-24,11.47,,
2018-01-25,11.58,,
2018-01-26,11.08,-0.605,-0.6573
2018-01-29,13.84,,
2018-01-30,14.79,,
2018-01-31,13.54,,
2018-02-01,13.47,,
2018-02-02,17.31,-0.592,-0.5034
2018-02-05,37.32,,
2018-02-06,29.98,,
2018-02-07,27.73,,
2018-02-08,33.46,,
2018-02-09,29.06,-0.574,0.1015
2018-02-12,25.61,,
2018-02-13,24.97,,
2018-02-14,19.26,,
2018-02-15,19.13,,
2018-02-16,19.46,-0.559,-0.26
2018-02-20,20.6,,
2018-02-21,20.02,,
2018-02-22,18.72,,
2018-02-23,16.49,-0.543,-0.339
2018-02-26,15.8,,
2018-02-27,18.59,,
2018-02-28,19.85,,
2018-03-01,22.47,,
2018-03-02,19.59,-0.529,-0.0655
2018-03-05,18.73,,
2018-03-06,18.36,,
2018-03-07,17.76,,
2018-03-08,16.54,,
2018-03-09,14.64,-0.515,-0.0936
2018-03-12,15.78,,
2018-03-13,16.35,,
2018-03-14,17.23,,
2018-03-15,16.59,,
2018-03-16,15.8,-0.505,-0.0199
2018-03-19,19.02,,
2018-03-20,18.2,,
2018-03-21,17.86,,
2018-03-22,23.34,,
2018-03-23,24.87,-0.497,0.2585
2018-03-26,21.03,,
2018-03-27,22.5,,
2018-03-28,22.87,,
2018-03-29,19.97,,
2018-03-30,,-0.496,0.3453
2018-04-02,23.62,,
2018-04-03,21.1,,
2018-04-04,20.06,,
2018-04-05,18.94,,
2018-04-06,21.49,-0.5,0.3413
2018-04-09,21.77,,
2018-04-10,20.47,,
2018-04-11,20.24,,
2018-04-12,18.49,,
2018-04-13,17.41,-0.51,0.1404
2018-04-16,16.56,,
2018-04-17,15.25,,
2018-04-18,15.6,,
2018-04-19,15.96,,
2018-04-20,16.88,-0.524,-0.0649
2018-04-23,16.34,,
2018-04-24,18.02,,
2018-04-25,17.84,,
2018-04-26,16.24,,
2018-04-27,15.41,-0.538,-0.0316
2018-04-30,15.93,,
2018-05-01,15.49,,
2018-05-02,15.97,,
2018-05-03,15.9,,
2018-05-04,14.77,-0.55,0.0097
2018-05-07,14.75,,
2018-05-08,14.71,,
2018-05-09,13.42,,
2018-05-10,13.23,,
2018-05-11,12.65,-0.559,-0.2357
2018-05-14,12.93,,
2018-05-15,14.63,,
2018-05-16,13.42,,
2018-05-17,13.43,,
2018-05-18,13.42,-0.564,-0.2981
2018-05-21,13.08,,
2018-05-22,13.22,,
2018-05-23,12.58,,
2018-05-24,12.53,,
2018-05-25,13.22,-0.564,-0.2257
2018-05-29,17.02,,
2018-05-30,14.94,,
2018-05-31,15.43,,
2018-06-01,13.46,-0.559,0.0728
2018-06-04,12.74,,
2018-06-05,12.4,,
2018-06-06,11.64,,
2018-06-07,12.13,,
2018-06-08,12.18,-0.553,-0.3931
2018-06-11,12.35,,
2018-06-12,12.34,,
2018-06-13,12.94,,
2018-06-14,12.12,,
2018-06-15,11.98,-0.547,-0.338
2018-06-18,12.31,,
2018-06-19,13.35,,
2018-06-20,12.79,,
2018-06-21,14.64,,
2018-06-22,13.77,-0.541,-0.2692
2018-06-25,17.33,,
2018-06-26,15.92,,
2018-06-27,17.91,,
2018-06-28,16.85,,
2018-06-29,16.09,-0.538,-0.056
2018-07-02,15.6,,
2018-07-03,16.14,,
2018-07-05,14.97,,
2018-07-06,13.37,-0.539,-0.1872
2018-07-09,12.69,,
2018-07-10,12.64,,
2018-07-11,13.63,,
2018-07-12,12.58,,
2018-07-13,12.18,-0.544,-0.4162
2018-07-16,12.83,,
2018-07-17,12.06,,
2018-07-18,12.1,,
2018-07-19,12.87,,
2018-07-20,12.86,-0.552,-0.454
2018-07-23,12.62,,
2018-07-24,12.41,,
2018-07-25,12.29,,
2018-07-26,12.14,,
2018-07-27,13.03,-0.561,-0.5411
2018-07-30,14.26,,
2018-07-31,12.83,,
2018-08-01,13.15,,
2018-08-02,12.19,,
2018-08-03,11.64,-0.571,-0.4432
2018-08-06,11.27,,
2018-08-07,10.93,,
2018-08-08,10.85,,
2018-08-09,11.27,,
2018-08-10,13.16,-0.58,-0.5478
2018-08-13,14.78,,
2018-08-14,13.31,,
2018-08-15,14.64,,
2018-08-16,13.45,,
2018-08-17,12.64,-0.587,-0.4404
2018-08-20,12.49,,
2018-08-21,12.86,,
2018-08-22,12.25,,
2018-08-23,12.41,,
2018-08-24,11.99,-0.593,-0.6236
2018-08-27,12.16,,
2018-08-28,12.5,,
2018-08-29,12.25,,
2018-08-30,13.53,,
2018-08-31,12.86,-0.597,-0.6727
2018-09-04,13.16,,
2018-09-05,13.91,,
2018-09-06,14.65,,
2018-09-07,14.88,-0.599,-0.5994
2018-09-10,14.16,,
2018-09-11,13.22,,
2018-09-12,13.14,,
2018-09-13,12.37,,
2018-09-14,12.07,-0.599,-0.7133
2018-09-17,13.68,,
2018-09-18,12.79,,
2018-09-19,11.75,,
2018-09-20,11.8,,
2018-09-21,11.68,-0.596,-0.8137
2018-09-24,12.2,,
2018-09-25,12.42,,
2018-09-26,12.89,,
2018-09-27,12.41,,
2018-09-28,12.12,-0.592,-0.7475
2018-10-01,12.0,,
2018-10-02,12.05,,
2018-10-03,11.61,,
2018-10-04,14.22,,
2018-10-05,14.82,-0.585,-0.7865
2018-10-08,15.69,,
2018-10-09,15.95,,
2018-10-10,22.96,,
2018-10-11,24.98,,
2018-10-12,21.31,-0.575,-0.4413
2018-10-15,21.3,,
2018-10-16,17.62,,
2018-10-17,17.4,,
2018-10-18,20.06,,
2018-10-19,19.89,-0.564,-0.5012
2018-10-22,19.64,,
2018-10-23,20.71,,
2018-10-24,25.23,,
2018-10-25,24.22,,
2018-10-26,24.16,-0.551,-0.2057
2018-10-29,24.7,,
2018-10-30,23.35,,
2018-10-31,21.23,,
2018-11-01,19.34,,
2018-11-02,19.51,-0.536,-0.2208
2018-11-05,19.96,,
2018-11-06,19.91,,
2018-11-07,16.36,,
2018-11-08,16.72,,
2018-11-09,17.36,-0.52,-0.4687
2018-11-12,20.45,,
2018-11-13,20.02,,
2018-11-14,21.25,,
2018-11-15,19.98,,
2018-11-16,18.14,-0.501,-0.0163
2018-11-19,20.1,,
2018-11-20,22.48,,
2018-11-21,20.8,,
2018-11-23,21.52,-0.48,0.0619
2018-11-26,18.9,,
2018-11-27,19.02,,
2018-11-28,18.49,,
2018-11-29,18.79,,
2018-11-30,18.07,-0.46,-0.1399
2018-12-03,16.44,,
2018-12-04,20.74,,
2018-12-06,21.19,,
2018-12-07,23.23,-0.442,0.2168
2018-12-10,22.64,,
2018-12-11,21.76,,
2018-12-12,21.46,,
2018-12-13,20.65,,
2018-12-14,21.63,-0.429,0.272
2018-12-17,24.52,,
2018-12-18,25.58,,
2018-12-19,25.58,,
2018-12-20,28.38,,
2018-12-21,30.11,-0.423,0.5531
2018-12-24,36.07,,
2018-12-26,30.41,,
2018-12-27,29.96,,
2018-12-28,28.34,-0.426,0.6785
2018-12-31,25.42,,
2019-01-02,23.22,,
2019-01-03,25.45,,
2019-01-04,21.38,-0.439,0.3244
2019-01-07,21.4,,
2019-01-08,20.47,,
2019-01-09,19.98,,
2019-01-10,19.5,,
2019-01-11,18.19,-0.458,-0.1741
2019-01-14,19.07,,
2019-01-15,18.6,,
2019-01-16,19.04,,
2019-01-17,18.06,,
2019-01-18,17.8,-0.481,-0.142
2019-01-22,20.8,,
2019-01-23,19.52,,
2019-01-24,18.89,,
2019-01-25,17.42,-0.506,-0.1168
2019-01-28,18.87,,
2019-01-29,19.13,,
2019-01-30,17.66,,
2019-01-31,16.57,,
2019-02-01,16.14,-0.529,-0.1359
2019-02-04,15.73,,
2019-02-05,15.57,,
2019-02-06,15.38,,
2019-02-07,16.37,,
2019-02-08,15.72,-0.55,-0.282
2019-02-11,15.97,,
2019-02-12,15.43,,
2019-02-13,15.65,,
2019-02-14,16.22,,
2019-02-15,14.91,-0.567,-0.3501
2019-02-19,14.88,,
2019-02-20,14.02,,
2019-02-21,14.46,,
2019-02-22,13.51,-0.58,-0.5158
2019-02-25,14.85,,
2019-02-26,15.17,,
2019-02-27,14.7,,
2019-02-28,14.78,,
2019-03-01,13.57,-0.589,-0.5784
2019-03-04,14.63,,
2019-03-05,14.74,,
2019-03-06,15.74,,
2019-03-07,16.59,,
2019-03-08,16.05,-0.595,-0.4591
2019-03-11,14.33,,
2019-03-12,13.77,,
2019-03-13,13.41,,
2019-03-14,13.5,,
2019-03-15,12.88,-0.598,-0.5616
2019-03-18,13.1,,
2019-03-19,13.56,,
2019-03-20,13.91,,
2019-03-21,13.63,,
2019-03-22,16.48,-0.602,-0.5721
2019-03-25,16.33,,
2019-03-26,14.68,,
2019-03-27,15.15,,
2019-03-28,14.43,,
2019-03-29,13.71,-0.605,-0.3057
2019-04-01,13.4,,
2019-04-02,13.36,,
2019-04-03,13.74,,
2019-04-04,13.58,,
2019-04-05,12.82,-0.609,-0.6704
2019-04-08,13.18,,
2019-04-09,14.28,,
2019-04-10,13.3,,
2019-04-11,13.02,,
2019-04-12,12.01,-0.612,-0.6498
2019-04-15,12.32,,
2019-04-16,12.18,,
2019-04-17,12.6,,
2019-04-18,12.09,,
2019-04-19,,-0.614,-0.7698
2019-04-22,12.42,,
2019-04-23,12.28,,
2019-04-24,13.14,,
2019-04-25,13.25,,
2019-04-26,12.73,-0.613,-0.6264
2019-04-29,13.11,,
2019-04-30,13.12,,
2019-05-01,14.8,,
2019-05-02,14.42,,
2019-05-03,12.87,-0.61,-0.6666
2019-05-06,15.44,,
2019-05-07,19.32,,
2019-05-08,19.4,,
2019-05-09,19.1,,
2019-05-10,16.04,-0.603,-0.372
2019-05-13,20.55,,
2019-05-14,18.06,,
2019-05-15,16.44,,
2019-05-16,15.29,,
2019-05-17,15.96,-0.595,-0.3463
2019-05-20,16.31,,
2019-05-21,14.95,,
2019-05-22,14.75,,
2019-05-23,16.92,,
2019-05-24,15.85,-0.588,-0.4688
2019-05-28,17.5,,
2019-05-29,17.9,,
2019-05-30,17.3,,
2019-05-31,18.71,-0.58,-0.1707
2019-06-03,18.86,,
2019-06-04,16.97,,
2019-06-05,16.09,,
2019-06-06,15.93,,
2019-06-07,16.3,-0.575,-0.194
2019-06-10,15.94,,
2019-06-11,15.99,,
2019-06-12,15.91,,
2019-06-13,15.82,,
2019-06-14,15.28,-0.572,-0.4241
2019-06-17,15.35,,
2019-06-18,15.15,,
2019-06-19,14.33,,
2019-06-20,14.75,,
2019-06-21,15.4,-0.572,-0.3309
2019-06-24,15.26,,
2019-06-25,16.28,,
2019-06-26,16.21,,
2019-06-27,15.82,,
2019-06-28,15.08,-0.574,-0.3278
2019-07-01,14.06,,
2019-07-02,12.93,,
2019-07-03,12.57,,
2019-07-05,13.28,-0.578,-0.519
2019-07-08,13.96,,
2019-07-09,14.09,,
2019-07-10,13.03,,
2019-07-11,12.93,,
2019-07-12,12.39,-0.58,-0.4492
2019-07-15,12.68,,
2019-07-16,12.86,,
2019-07-17,13.97,,
2019-07-18,13.53,,
2019-07-19,14.45,-0.579,-0.3553
2019-07-22,13.53,,
2019-07-23,12.61,,
2019-07-24,12.07,,
2019-07-25,12.74,,
2019-07-26,12.16,-0.576,-0.4838
2019-07-29,12.83,,
2019-07-30,13.94,,
2019-07-31,16.12,,
2019-08-01,17.87,,
2019-08-02,17.61,-0.568,-0.2548
2019-08-05,24.59,,
2019-08-06,20.17,,
2019-08-07,19.49,,
2019-08-08,16.91,,
2019-08-09,17.97,-0.558,0.2633
2019-08-12,21.09,,
2019-08-13,17.52,,
2019-08-14,22.1,,
2019-08-15,21.18,,
2019-08-16,18.47,-0.546,0.2105
2019-08-19,16.88,,
2019-08-20,17.5,,
2019-08-21,15.8,,
2019-08-22,16.68,,
2019-08-23,19.87,-0.536,-0.0837
2019-08-26,19.32,,
2019-08-27,20.31,,
2019-08-28,19.35,,
2019-08-29,17.88,,
2019-08-30,18.98,-0.526,-0.0405
2019-09-03,19.66,,
2019-09-04,17.33,,
2019-09-05,16.27,,
2019-09-06,15.0,-0.519,-0.091
2019-09-09,15.27,,
2019-09-10,15.2,,
2019-09-11,14.61,,
2019-09-12,14.22,,
2019-09-13,13.74,-0.513,-0.3525
2019-09-16,14.67,,
2019-09-17,14.44,,
2019-09-18,13.95,,
2019-09-19,14.05,,
2019-09-20,15.32,-0.51,-0.1469
2019-09-23,14.91,,
2019-09-24,17.05,,
2019-09-25,15.96,,
2019-09-26,16.07,,
2019-09-27,17.22,-0.51,0.1137
2019-09-30,16.24,,
2019-10-01,18.56,,
2019-10-02,20.56,,
2019-10-03,19.12,,
2019-10-04,17.04,-0.514,0.3767
2019-10-07,17.86,,
2019-10-08,20.28,,
2019-10-09,18.64,,
2019-10-10,17.57,,
2019-10-11,15.58,-0.523,0.1434
2019-10-14,14.57,,
2019-10-15,13.54,,
2019-10-16,13.68,,
2019-10-17,13.79,,
2019-10-18,14.25,-0.535,-0.1338
2019-10-21,14.0,,
2019-10-22,14.46,,
2019-10-23,14.01,,
2019-10-24,13.71,,
2019-10-25,12.65,-0.549,-0.1257
2019-10-28,13.11,,
2019-10-29,13.2,,
2019-10-30,12.33,,
2019-10-31,13.22,,
2019-11-01,12.3,-0.561,-0.0609
2019-11-04,12.83,,
2019-11-05,13.1,,
2019-11-06,12.62,,
2019-11-07,12.73,,
2019-11-08,12.07,-0.57,-0.0976
2019-11-11,12.69,,
2019-11-12,12.68,,
2019-11-13,13.0,,
2019-11-14,13.05,,
2019-11-15,12.05,-0.575,-0.1003
2019-11-18,12.46,,
2019-11-19,12.86,,
2019-11-20,12.78,,
2019-11-21,13.13,,
2019-11-22,12.34,-0.574,-0.0448
2019-11-25,11.87,,
2019-11-26,11.54,,
2019-11-27,11.75,,
2019-11-29,12.62,-0.569,-0.1853
2019-12-02,14.91,,
2019-12-03,15.96,,
2019-12-04,14.8,,
2019-12-05,14.52,,
2019-12-06,13.62,-0.559,-0.0902
2019-12-09,15.86,,
2019-12-10,15.68,,
2019-12-11,14.99,,
2019-12-12,13.94,,
2019-12-13,12.63,-0.552,-0.2657
2019-12-16,12.14,,
2019-12-17,12.29,,
2019-12-18,12.58,,
2019-12-19,12.5,,
2019-12-20,12.51,-0.548,-0.3652
2019-12-23,12.61,,
2019-12-24,12.67,,
2019-12-26,12.65,,
2019-12-27,13.43,-0.553,-0.1779
2019-12-30,14.82,,
2019-12-31,13.78,,
2020-01-02,12.47,,
2020-01-03,14.02,-0.567,-0.2239
2020-01-06,13.85,,
2020-01-07,13.79,,
2020-01-08,13.45,,
2020-01-09,12.54,,
2020-01-10,12.56,-0.587,-0.3501
2020-01-13,12.32,,
2020-01-14,12.39,,
2020-01-15,12.42,,
2020-01-16,12.32,,
2020-01-17,12.1,-0.609,-0.5179
2020-01-21,12.85,,
2020-01-22,12.91,,
2020-01-23,12.98,,
2020-01-24,14.56,-0.622,-0.4034
2020-01-27,18.23,,
2020-01-28,16.28,,
2020-01-29,16.39,,
2020-01-30,15.49,,
2020-01-31,18.84,-0.62,-0.1127
2020-02-03,17.97,,
2020-02-04,16.05,,
2020-02-05,15.15,,
2020-02-06,14.96,,
2020-02-07,15.47,-0.594,-0.4593
2020-02-10,15.04,,
2020-02-11,15.18,,
2020-02-12,13.74,,
2020-02-13,14.15,,
2020-02-14,13.68,-0.533,-0.5655
2020-02-18,14.83,,
2020-02-19,14.38,,
2020-02-20,15.56,,
2020-02-21,17.08,-0.433,-0.4387
2020-02-24,25.03,,
2020-02-25,27.85,,
2020-02-26,27.56,,
2020-02-27,39.16,,
2020-02-28,40.11,-0.295,0.6808
2020-03-02,33.42,,
2020-03-03,36.82,,
2020-03-04,31.99,,
2020-03-05,39.62,,
2020-03-06,41.94,-0.134,1.3575
2020-03-09,54.46,,
2020-03-10,47.3,,
2020-03-11,53.9,,
2020-03-12,75.47,,
2020-03-13,57.83,0.031,3.5132
2020-03-16,82.69,,
2020-03-17,75.91,,
2020-03-18,76.45,,
2020-03-19,72.0,,
2020-03-20,66.04,0.175,5.6449
2020-03-23,61.59,,
2020-03-24,61.67,,
2020-03-25,63.95,,
2020-03-26,61.0,,
2020-03-27,65.54,0.267,5.386
2020-03-30,57.08,,
2020-03-31,53.54,,
2020-04-01,57.06,,
2020-04-02,50.91,,
2020-04-03,46.8,0.305,3.1975
2020-04-06,45.24,,
2020-04-07,46.7,,
2020-04-08,43.35,,
2020-04-09,41.67,,
2020-04-10,,0.292,2.6291
2020-04-13,41.17,,
2020-04-14,37.76,,
2020-04-15,40.84,,
2020-04-16,40.11,,
2020-04-17,38.15,0.237,1.9084
2020-04-20,43.83,,
2020-04-21,45.41,,
2020-04-22,41.98,,
2020-04-23,41.38,,
2020-04-24,35.93,0.159,2.4255
2020-04-27,33.29,,
2020-04-28,33.57,,
2020-04-29,31.23,,
2020-04-30,34.15,,
2020-05-01,37.19,0.062,1.2572
2020-05-04,35.97,,
2020-05-05,33.61,,
2020-05-06,34.12,,
2020-05-07,31.44,,
2020-05-08,27.98,-0.037,0.9573
2020-05-11,27.57,,
2020-05-12,33.04,,
2020-05-13,35.28,,
2020-05-14,32.61,,
2020-05-15,31.89,-0.127,0.9304
2020-05-18,29.3,,
2020-05-19,30.53,,
2020-05-20,27.99,,
2020-05-21,29.53,,
2020-05-22,28.16,-0.206,0.4473
2020-05-26,28.01,,
2020-05-27,27.62,,
2020-05-28,28.59,,
2020-05-29,27.51,-0.269,0.2195
2020-06-01,28.23,,
2020-06-02,26.84,,
2020-06-03,25.66,,
2020-06-04,25.81,,
2020-06-05,24.52,-0.315,-0.0756
2020-06-08,25.81,,
2020-06-09,27.57,,
2020-06-10,27.57,,
2020-06-11,40.79,,
2020-06-12,36.09,-0.345,0.2914
2020-06-15,34.4,,
2020-06-16,33.67,,
2020-06-17,33.47,,
2020-06-18,32.94,,
2020-06-19,35.12,-0.367,0.495
2020-06-22,31.77,,
2020-06-23,31.37,,
2020-06-24,33.84,,
2020-06-25,32.22,,
2020-06-26,34.73,-0.385,0.5202
2020-06-29,31.78,,
2020-06-30,30.43,,
2020-07-01,28.62,,
2020-07-02,27.68,,
2020-07-03,,-0.402,0.4312
2020-07-06,27.94,,
2020-07-07,29.43,,
2020-07-08,28.08,,
2020-07-09,29.26,,
2020-07-10,27.29,-0.42,0.1332
2020-07-13,32.19,,
2020-07-14,29.52,,
2020-07-15,27.76,,
2020-07-16,28.0,,
2020-07-17,25.68,-0.438,0.086
2020-07-20,24.46,,
2020-07-21,24.84,,
2020-07-22,24.32,,
2020-07-23,26.08,,
2020-07-24,25.84,-0.457,-0.2046
2020-07-27,24.74,,
2020-07-28,25.44,,
2020-07-29,24.1,,
2020-07-30,24.76,,
2020-07-31,24.46,-0.475,-0.0574
2020-08-03,24.28,,
2020-08-04,23.76,,
2020-08-05,22.99,,
2020-08-06,22.65,,
2020-08-07,22.21,-0.488,-0.1876
2020-08-10,22.13,,
2020-08-11,24.03,,
2020-08-12,22.28,,
2020-08-13,22.13,,
2020-08-14,22.05,-0.499,-0.2567
2020-08-17,21.35,,
2020-08-18,21.51,,
2020-08-19,22.54,,
2020-08-20,22.72,,
2020-08-21,22.54,-0.505,-0.0532
2020-08-24,22.37,,
2020-08-25,22.03,,
2020-08-26,23.27,,
2020-08-27,24.47,,
2020-08-28,22.96,-0.507,-0.2545
2020-08-31,26.41,,
2020-09-01,26.12,,
2020-09-02,26.57,,
2020-09-03,33.6,,
2020-09-04,30.75,-0.505,-0.1013
2020-09-08,31.46,,
2020-09-09,28.81,,
2020-09-10,29.71,,
2020-09-11,26.87,-0.501,0.068
2020-09-14,25.85,,
2020-09-15,25.59,,
2020-09-16,26.04,,
2020-09-17,26.46,,
2020-09-18,25.83,-0.497,-0.1161
2020-09-21,27.78,,
2020-09-22,26.86,,
2020-09-23,28.58,,
2020-09-24,28.51,,
2020-09-25,26.38,-0.492,0.2669
2020-09-28,26.19,,
2020-09-29,26.27,,
2020-09-30,26.37,,
2020-10-01,26.7,,
2020-10-02,27.63,-0.489,-0.0614
2020-10-05,27.96,,
2020-10-06,29.48,,
2020-10-07,28.06,,
2020-10-08,26.36,,
2020-10-09,25.0,-0.489,-0.2241
2020-10-12,25.07,,
2020-10-13,26.07,,
2020-10-14,26.4,,
2020-10-15,26.97,,
2020-10-16,27.41,-0.492,-0.0721
2020-10-19,29.18,,
2020-10-20,29.35,,
2020-10-21,28.65,,
2020-10-22,28.11,,
2020-10-23,27.55,-0.498,0.0221
2020-10-26,32.46,,
2020-10-27,33.35,,
2020-10-28,40.28,,
2020-10-29,37.59,,
2020-10-30,38.02,-0.507,0.4034
2020-11-02,37.13,,
2020-11-03,35.55,,
2020-11-04,29.57,,
2020-11-05,27.58,,
2020-11-06,24.86,-0.52,-0.0577
2020-11-09,25.75,,
2020-11-10,24.8,,
2020-11-11,23.45,,
2020-11-12,25.35,,
2020-11-13,23.1,-0.537,-0.4683
2020-11-16,22.45,,
2020-11-17,22.71,,
2020-11-18,23.84,,
2020-11-19,23.11,,
2020-11-20,23.7,-0.553,-0.1434
2020-11-23,22.66,,
2020-11-24,21.64,,
2020-11-25,21.25,,
2020-11-27,20.84,-0.567,-0.3825
2020-11-30,20.57,,
2020-12-01,20.77,,
2020-12-02,21.17,,
2020-12-03,21.28,,
2020-12-04,20.79,-0.58,-0.4319
2020-12-07,21.3,,
2020-12-08,20.68,,
2020-12-09,22.27,,
2020-12-10,22.52,,
2020-12-11,23.31,-0.59,-0.4053
2020-12-14,24.72,,
2020-12-15,22.89,,
2020-12-16,22.5,,
2020-12-17,21.93,,
2020-12-18,21.57,-0.597,-0.3628
2020-12-21,25.16,,
2020-12-22,24.23,,
2020-12-23,23.31,,
2020-12-24,21.53,,
2020-12-25,,-0.604,-0.4049
2020-12-28,21.7,,
2020-12-29,23.08,,
2020-12-30,22.77,,
2020-12-31,22.75,,
2021-01-01,,-0.609,-0.4607
2021-01-04,26.97,,
2021-01-05,25.34,,
2021-01-06,25.07,,
2021-01-07,22.37,,
2021-01-08,21.56,-0.613,-0.4764
2021-01-11,24.08,,
2021-01-12,23.33,,
2021-01-13,22.21,,
2021-01-14,23.25,,
2021-01-15,24.34,-0.616,-0.5185
2021-01-19,23.24,,
2021-01-20,21.58,,
2021-01-21,21.32,,
2021-01-22,21.91,-0.618,-0.5008
2021-01-25,23.19,,
2021-01-26,23.02,,
2021-01-27,37.21,,
2021-01-28,30.21,,
2021-01-29,33.09,-0.618,-0.2514
2021-02-01,30.24,,
2021-02-02,25.56,,
2021-02-03,22.91,,
2021-02-04,21.77,,
2021-02-05,20.87,-0.621,-0.5659
2021-02-08,21.24,,
2021-02-09,21.63,,
2021-02-10,21.99,,
2021-02-11,21.25,,
2021-02-12,19.97,-0.622,-0.7499
2021-02-16,21.46,,
2021-02-17,21.5,,
2021-02-18,22.49,,
2021-02-19,22.05,-0.624,-0.6441
2021-02-22,23.45,,
2021-02-23,23.11,,
2021-02-24,21.34,,
2021-02-25,28.89,,
2021-02-26,27.95,-0.627,-0.436
2021-03-01,23.35,,
2021-03-02,24.1,,
2021-03-03,26.67,,
2021-03-04,28.57,,
2021-03-05,24.66,-0.631,-0.3942
2021-03-08,25.47,,
2021-03-09,24.03,,
2021-03-10,22.56,,
2021-03-11,21.91,,
2021-03-12,20.69,-0.636,-0.4889
2021-03-15,20.03,,
2021-03-16,19.79,,
2021-03-17,19.23,,
2021-03-18,21.58,,
2021-03-19,20.95,-0.642,-0.5342
2021-03-22,18.88,,
2021-03-23,20.3,,
2021-03-24,21.2,,
2021-03-25,19.81,,
2021-03-26,18.86,-0.648,-0.6081
2021-03-29,20.74,,
2021-03-30,19.61,,
2021-03-31,19.4,,
2021-04-01,17.33,,
2021-04-02,,-0.655,-0.7046
2021-04-05,17.91,,
2021-04-06,18.12,,
2021-04-07,17.16,,
2021-04-08,16.95,,
2021-04-09,16.69,-0.663,-0.7991
2021-04-12,16.91,,
2021-04-13,16.65,,
2021-04-14,16.99,,
2021-04-15,16.57,,
2021-04-16,16.25,-0.67,-0.7523
2021-04-19,17.29,,
2021-04-20,18.68,,
2021-04-21,17.5,,
2021-04-22,18.71,,
2021-04-23,17.33,-0.676,-0.7031
2021-04-26,17.64,,
2021-04-27,17.56,,
2021-04-28,17.28,,
2021-04-29,17.61,,
2021-04-30,18.61,-0.682,-0.7938
2021-05-03,18.31,,
2021-05-04,19.48,,
2021-05-05,19.15,,
2021-05-06,18.39,,
2021-05-07,16.69,-0.687,-0.7917
2021-05-10,19.66,,
2021-05-11,21.84,,
2021-05-12,27.59,,
2021-05-13,23.13,,
2021-05-14,18.81,-0.689,-0.7374
2021-05-17,19.72,,
2021-05-18,21.34,,
2021-05-19,22.18,,
2021-05-20,20.67,,
2021-05-21,20.15,-0.692,-0.7001
2021-05-24,18.4,,
2021-05-25,18.84,,
2021-05-26,17.36,,
2021-05-27,16.74,,
2021-05-28,16.76,-0.694,-0.7961
2021-06-01,17.9,,
2021-06-02,17.48,,
2021-06-03,18.04,,
2021-06-04,16.42,-0.695,-0.8358
2021-06-07,16.42,,
2021-06-08,17.07,,
2021-06-09,17.89,,
2021-06-10,16.1,,
2021-06-11,15.65,-0.694,-0.7777
2021-06-14,16.39,,
2021-06-15,17.02,,
2021-06-16,18.15,,
2021-06-17,17.75,,
2021-06-18,20.7,-0.691,-0.7598
2021-06-21,17.89,,
2021-06-22,16.66,,
2021-06-23,16.32,,
2021-06-24,15.97,,
2021-06-25,15.62,-0.687,-0.7912
2021-06-28,15.76,,
2021-06-29,16.02,,
2021-06-30,15.83,,
2021-07-01,15.48,,
2021-07-02,15.07,-0.681,-0.8302
2021-07-06,16.44,,
2021-07-07,16.2,,
2021-07-08,19.0,,
2021-07-09,16.18,-0.674,-0.6945
2021-07-12,16.17,,
2021-07-13,17.12,,
2021-07-14,16.33,,
2021-07-15,17.01,,
2021-07-16,18.45,-0.668,-0.7907
2021-07-19,22.5,,
2021-07-20,19.73,,
2021-07-21,17.91,,
2021-07-22,17.69,,
2021-07-23,17.2,-0.661,-0.5533
2021-07-26,17.58,,
2021-07-27,19.36,,
2021-07-28,18.31,,
2021-07-29,17.7,,
2021-07-30,18.24,-0.656,-0.7531
2021-08-02,19.46,,
2021-08-03,18.04,,
2021-08-04,17.97,,
2021-08-05,17.28,,
2021-08-06,16.15,-0.651,-0.6637
2021-08-09,16.72,,
2021-08-10,16.79,,
2021-08-11,16.06,,
2021-08-12,15.59,,
2021-08-13,15.45,-0.648,-0.8559
2021-08-16,16.12,,
2021-08-17,17.91,,
2021-08-18,21.57,,
2021-08-19,21.67,,
2021-08-20,18.56,-0.646,-0.6044
2021-08-23,17.15,,
2021-08-24,17.22,,
2021-08-25,16.79,,
2021-08-26,18.84,,
2021-08-27,16.39,-0.647,-0.7574
2021-08-30,16.19,,
2021-08-31,16.48,,
2021-09-01,16.11,,
2021-09-02,16.41,,
2021-09-03,16.41,-0.648,-0.7486
2021-09-07,18.14,,
2021-09-08,17.96,,
2021-09-09,18.8,,
2021-09-10,20.95,-0.65,-0.7025
2021-09-13,19.37,,
2021-09-14,19.46,,
2021-09-15,18.18,,
2021-09-16,18.69,,
2021-09-17,20.81,-0.652,-0.6657
2021-09-20,25.71,,
2021-09-21,24.36,,
2021-09-22,20.87,,
2021-09-23,18.63,,
2021-09-24,17.75,-0.654,-0.5348
2021-09-27,18.76,,
2021-09-28,23.25,,
2021-09-29,22.56,,
2021-09-30,23.14,,
2021-10-01,21.15,-0.654,-0.6267
2021-10-04,22.96,,
2021-10-05,21.3,,
2021-10-06,21.0,,
2021-10-07,19.54,,
2021-10-08,18.77,-0.652,-0.6293
2021-10-11,20.0,,
2021-10-12,19.85,,
2021-10-13,18.64,,
2021-10-14,16.86,,
2021-10-15,16.3,-0.646,-0.721
2021-10-18,16.31,,
2021-10-19,15.7,,
2021-10-20,15.49,,
2021-10-21,15.01,,
2021-10-22,15.43,-0.636,-0.8977
2021-10-25,15.24,,
2021-10-26,15.98,,
2021-10-27,16.98,,
2021-10-28,16.53,,
2021-10-29,16.26,-0.622,-0.7992
2021-11-01,16.41,,
2021-11-02,16.03,,
2021-11-03,15.1,,
2021-11-04,15.44,,
2021-11-05,16.48,-0.604,-0.6706
2021-11-08,17.22,,
2021-11-09,17.78,,
2021-11-10,18.73,,
2021-11-11,17.66,,
2021-11-12,16.29,-0.585,-0.7771
2021-11-15,16.49,,
2021-11-16,16.37,,
2021-11-17,17.11,,
2021-11-18,17.59,,
2021-11-19,17.91,-0.567,-0.6835
2021-11-22,19.17,,
2021-11-23,19.38,,
2021-11-24,18.58,,
2021-11-26,28.62,-0.552,-0.4799
2021-11-29,22.96,,
2021-11-30,27.19,,
2021-12-01,31.12,,
2021-12-02,27.95,,
2021-12-03,30.67,-0.541,-0.1524
2021-12-06,27.18,,
2021-12-07,21.89,,
2021-12-08,19.9,,
2021-12-09,21.58,,
2021-12-10,18.69,-0.539,-0.6984
2021-12-13,20.31,,
2021-12-14,21.89,,
2021-12-15,19.29,,
2021-12-16,20.57,,
2021-12-17,21.57,-0.541,-0.4884
2021-12-20,22.87,,
2021-12-21,21.01,,
2021-12-22,18.63,,
2021-12-23,17.96,,
2021-12-24,,-0.548,-0.573
2021-12-27,17.68,,
2021-12-28,17.54,,
2021-12-29,16.95,,
2021-12-30,17.33,,
2021-12-31,17.22,-0.557,-0.7618
2022-01-03,16.6,,
2022-01-04,16.91,,
2022-01-05,19.73,,
2022-01-06,19.61,,
2022-01-07,18.76,-0.562,-0.6999
2022-01-10,19.4,,
2022-01-11,18.41,,
2022-01-12,17.62,,
2022-01-13,20.31,,
2022-01-14,19.19,-0.562,-0.655
2022-01-18,22.79,,
2022-01-19,23.85,,
2022-01-20,25.59,,
2022-01-21,28.85,-0.556,-0.3778
2022-01-24,29.9,,
2022-01-25,31.16,,
2022-01-26,31.96,,
2022-01-27,30.49,,
2022-01-28,27.66,-0.542,-0.1926
2022-01-31,24.83,,
2022-02-01,21.96,,
2022-02-02,22.09,,
2022-02-03,24.35,,
2022-02-04,23.22,-0.523,-0.5072
2022-02-07,22.86,,
2022-02-08,21.44,,
2022-02-09,19.96,,
2022-02-10,23.91,,
2022-02-11,27.36,-0.498,-0.5846
2022-02-14,28.33,,
2022-02-15,25.7,,
2022-02-16,24.29,,
2022-02-17,28.11,,
2022-02-18,27.75,-0.468,-0.1607
2022-02-22,28.81,,
2022-02-23,31.02,,
2022-02-24,30.32,,
2022-02-25,27.59,-0.439,0.0019
2022-02-28,30.15,,
2022-03-01,33.32,,
2022-03-02,30.74,,
2022-03-03,30.48,,
2022-03-04,31.98,-0.412,0.3081
2022-03-07,36.45,,
2022-03-08,35.13,,
2022-03-09,32.45,,
2022-03-10,30.23,,
2022-03-11,30.75,-0.391,0.1502
2022-03-14,31.77,,
2022-03-15,29.83,,
2022-03-16,26.67,,
2022-03-17,25.67,,
2022-03-18,23.87,-0.379,-0.3092
2022-03-21,23.53,,
2022-03-22,22.94,,
2022-03-23,23.57,,
2022-03-24,21.67,,
2022-03-25,20.81,-0.373,-0.6085
2022-03-28,19.63,,
2022-03-29,18.9,,
2022-03-30,19.33,,
2022-03-31,20.56,,
2022-04-01,19.63,-0.371,-0.4662
2022-04-04,18.57,,
2022-04-05,21.03,,
2022-04-06,22.1,,
2022-04-07,21.55,,
2022-04-08,21.16,-0.368,-0.3686
2022-04-11,24.37,,
2022-04-12,24.26,,
2022-04-13,21.82,,
2022-04-14,22.7,,
2022-04-15,,-0.361,-0.28
2022-04-18,22.17,,
2022-04-19,21.37,,
2022-04-20,20.32,,
2022-04-21,22.68,,
2022-04-22,28.21,-0.351,-0.3838
2022-04-25,27.02,,
2022-04-26,33.52,,
2022-04-27,31.6,,
2022-04-28,29.99,,
2022-04-29,33.4,-0.336,0.1913
2022-05-02,32.34,,
2022-05-03,29.25,,
2022-05-04,25.42,,
2022-05-05,31.2,,
2022-05-06,30.19,-0.319,0.2107
2022-05-09,34.75,,
2022-05-10,32.99,,
2022-05-11,32.56,,
2022-05-12,31.77,,
2022-05-13,28.87,-0.3,0.572
2022-05-16,27.47,,
2022-05-17,26.1,,
2022-05-18,30.96,,
2022-05-19,29.35,,
2022-05-20,29.43,-0.281,0.3152
2022-05-23,28.48,,
2022-05-24,29.45,,
2022-05-25,28.37,,
2022-05-26,27.5,,
2022-05-27,25.72,-0.259,0.296
2022-05-30,26.54,,
2022-05-31,26.19,,
2022-06-01,25.69,,
2022-06-02,24.72,,
2022-06-03,24.79,-0.236,-0.1556
2022-06-06,25.07,,
2022-06-07,24.02,,
2022-06-08,23.96,,
2022-06-09,26.09,,
2022-06-10,27.75,-0.211,-0.046
2022-06-13,34.02,,
2022-06-14,32.69,,
2022-06-15,29.62,,
2022-06-16,32.95,,
2022-06-17,31.13,-0.188,0.0244
2022-06-20,31.03,,
2022-06-21,30.19,,
2022-06-22,28.95,,
2022-06-23,29.05,,
2022-06-24,27.23,-0.172,0.3947
2022-06-27,26.95,,
2022-06-28,28.36,,
2022-06-29,28.16,,
2022-06-30,28.71,,
2022-07-01,26.7,-0.166,0.6254
2022-07-04,27.53,,
2022-07-05,27.54,,
2022-07-06,26.73,,
2022-07-07,26.08,,
2022-07-08,24.64,-0.169,0.4397
2022-07-11,26.17,,
2022-07-12,27.29,,
2022-07-13,26.82,,
2022-07-14,26.4,,
2022-07-15,24.23,-0.182,0.076
2022-07-18,25.3,,
2022-07-19,24.5,,
2022-07-20,23.88,,
2022-07-21,23.11,,
2022-07-22,23.03,-0.201,-0.2623
2022-07-25,23.36,,
2022-07-26,24.69,,
2022-07-27,23.24,,
2022-07-28,22.33,,
2022-07-29,21.33,-0.219,-0.1754
2022-08-01,22.84,,
2022-08-02,23.93,,
2022-08-03,21.95,,
2022-08-04,21.44,,
2022-08-05,21.15,-0.232,-0.4728
2022-08-08,21.29,,
2022-08-09,21.77,,
2022-08-10,19.74,,
2022-08-11,20.2,,
2022-08-12,19.53,-0.24,-0.4002
2022-08-15,19.95,,
2022-08-16,19.69,,
2022-08-17,19.9,,
2022-08-18,19.56,,
2022-08-19,20.6,-0.237,-0.3627
2022-08-22,23.8,,
2022-08-23,24.11,,
2022-08-24,22.82,,
2022-08-25,21.78,,
2022-08-26,25.56,-0.225,-0.2043
2022-08-29,26.21,,
2022-08-30,26.21,,
2022-08-31,25.87,,
2022-09-01,25.56,,
2022-09-02,25.47,-0.204,-0.1333
2022-09-05,25.99,,
2022-09-06,26.91,,
2022-09-07,24.64,,
2022-09-08,23.61,,
2022-09-09,22.79,-0.178,-0.308
2022-09-12,23.87,,
2022-09-13,27.27,,
2022-09-14,26.16,,
2022-09-15,26.27,,
2022-09-16,26.3,-0.151,-0.4348
2022-09-19,25.76,,
2022-09-20,27.16,,
2022-09-21,27.99,,
2022-09-22,27.35,,
2022-09-23,29.92,-0.126,0.1331
2022-09-26,32.26,,
2022-09-27,32.6,,
2022-09-28,30.18,,
2022-09-29,31.84,,
2022-09-30,31.62,-0.107,0.5178
2022-10-03,30.1,,
2022-10-04,29.07,,
2022-10-05,28.55,,
2022-10-06,30.52,,
2022-10-07,31.36,-0.099,0.1784
2022-10-10,32.45,,
2022-10-11,33.63,,
2022-10-12,33.57,,
2022-10-13,31.94,,
2022-10-14,32.02,-0.1,0.2869
2022-10-17,31.37,,
2022-10-18,30.5,,
2022-10-19,30.76,,
2022-10-20,29.98,,
2022-10-21,29.69,-0.11,-0.148
2022-10-24,29.85,,
2022-10-25,28.46,,
2022-10-26,27.28,,
2022-10-27,27.39,,
2022-10-28,25.75,-0.125,-0.2824
2022-10-31,25.88,,
2022-11-01,25.81,,
2022-11-02,25.86,,
2022-11-03,25.3,,
2022-11-04,24.55,-0.142,-0.3809
2022-11-07,24.35,,
2022-11-08,25.54,,
2022-11-09,26.09,,
2022-11-10,23.53,,
2022-11-11,22.52,-0.159,-0.3142
2022-11-14,23.73,,
2022-11-15,24.54,,
2022-11-16,24.11,,
2022-11-17,23.93,,
2022-11-18,23.12,-0.172,-0.1999
2022-11-21,22.36,,
2022-11-22,21.29,,
2022-11-23,20.35,,
2022-11-24,20.42,,
2022-11-25,20.5,-0.18,-0.2151
2022-11-28,22.21,,
2022-11-29,21.89,,
2022-11-30,20.58,,
2022-12-01,19.84,,
2022-12-02,19.06,-0.185,-0.1028
2022-12-05,20.75,,
2022-12-06,22.17,,
2022-12-07,22.68,,
2022-12-08,22.29,,
2022-12-09,22.83,-0.189,0.1389
2022-12-12,25.0,,
2022-12-13,22.55,,
2022-12-14,21.14,,
2022-12-15,22.83,,
2022-12-16,22.62,-0.195,0.0189
2022-12-19,22.42,,
2022-12-20,21.48,,
2022-12-21,20.07,,
2022-12-22,21.97,,
2022-12-23,20.87,-0.206,0.0262
2022-12-27,21.65,,
2022-12-28,22.14,,
2022-12-29,21.44,,
2022-12-30,21.67,-0.223,-0.0406
2023-01-03,22.9,,
2023-01-04,22.01,,
2023-01-05,22.46,,
2023-01-06,21.13,-0.245,-0.1508
2023-01-09,21.97,,
2023-01-10,20.58,,
2023-01-11,21.09,,
2023-01-12,18.83,,
2023-01-13,18.35,-0.269,-0.4043
2023-01-16,19.49,,
2023-01-17,19.36,,
2023-01-18,20.34,,
2023-01-19,20.52,,
2023-01-20,19.85,-0.29,-0.378
2023-01-23,19.81,,
2023-01-24,19.2,,
2023-01-25,19.08,,
2023-01-26,18.73,,
2023-01-27,18.51,-0.307,-0.5061
2023-01-30,19.94,,
2023-01-31,19.4,,
2023-02-01,17.87,,
2023-02-02,18.73,,
2023-02-03,18.33,-0.314,-0.5421
2023-02-06,19.43,,
2023-02-07,18.66,,
2023-02-08,19.63,,
2023-02-09,20.71,,
2023-02-10,20.53,-0.31,-0.6138
2023-02-13,20.34,,
2023-02-14,18.91,,
2023-02-15,18.23,,
2023-02-16,20.17,,
2023-02-17,20.02,-0.295,-0.4702
2023-02-20,21.23,,
2023-02-21,22.87,,
2023-02-22,22.29,,
2023-02-23,21.14,,
2023-02-24,21.67,-0.27,-0.2306
2023-02-27,20.95,,
2023-02-28,20.7,,
2023-03-01,20.58,,
2023-03-02,19.59,,
2023-03-03,18.49,-0.239,-0.4436
2023-03-06,18.61,,
2023-03-07,19.59,,
2023-03-08,19.11,,
2023-03-09,22.61,,
2023-03-10,24.8,-0.207,-0.0793
2023-03-13,26.52,,
2023-03-14,23.73,,
2023-03-15,26.14,,
2023-03-16,22.99,,
2023-03-17,25.51,-0.175,1.1288
2023-03-20,24.15,,
2023-03-21,21.38,,
2023-03-22,22.26,,
2023-03-23,22.61,,
2023-03-24,21.74,-0.157,0.281
2023-03-27,20.6,,
2023-03-28,19.97,,
2023-03-29,19.12,,
2023-03-30,19.02,,
2023-03-31,18.7,-0.152,-0.268
2023-04-03,18.55,,
2023-04-04,19.0,,
2023-04-05,19.08,,
2023-04-06,18.4,,
2023-04-07,,-0.155,-0.076
2023-04-10,18.97,,
2023-04-11,19.1,,
2023-04-12,19.09,,
2023-04-13,17.8,,
2023-04-14,17.07,-0.166,-0.4818
2023-04-17,16.95,,
2023-04-18,16.83,,
2023-04-19,16.46,,
2023-04-20,17.17,,
2023-04-21,16.77,-0.179,-0.6592
2023-04-24,16.89,,
2023-04-25,18.76,,
2023-04-26,18.84,,
2023-04-27,17.03,,
2023-04-28,15.78,-0.19,-0.2783
2023-05-01,16.08,,
2023-05-02,17.78,,
2023-05-03,18.34,,
2023-05-04,20.09,,
2023-05-05,17.19,-0.199,-0.3246
2023-05-08,16.98,,
2023-05-09,17.71,,
2023-05-10,16.94,,
2023-05-11,16.93,,
2023-05-12,17.03,-0.206,-0.5071
2023-05-15,17.12,,
2023-05-16,17.99,,
2023-05-17,16.87,,
2023-05-18,16.05,,
2023-05-19,16.81,-0.211,-0.4458
2023-05-22,17.21,,
2023-05-23,18.53,,
2023-05-24,20.03,,
2023-05-25,19.14,,
2023-05-26,17.95,-0.213,-0.3244
2023-05-29,17.46,,
2023-05-30,17.46,,
2023-05-31,17.94,,
2023-06-01,15.65,,
2023-06-02,14.6,-0.215,-0.4607
2023-06-05,14.73,,
2023-06-06,13.96,,
2023-06-07,13.94,,
2023-06-08,13.65,,
2023-06-09,13.83,-0.216,-0.6934
2023-06-12,15.01,,
2023-06-13,14.61,,
2023-06-14,13.88,,
2023-06-15,14.5,,
2023-06-16,13.54,-0.218,-0.6068
2023-06-19,14.19,,
2023-06-20,13.88,,
2023-06-21,13.2,,
2023-06-22,12.91,,
2023-06-23,13.44,-0.222,-0.5807
2023-06-26,14.25,,
2023-06-27,13.74,,
2023-06-28,13.43,,
2023-06-29,13.54,,
2023-06-30,13.59,-0.228,-0.6917
2023-07-03,13.57,,
2023-07-04,13.7,,
2023-07-05,14.18,,
2023-07-06,15.44,,
2023-07-07,14.83,-0.236,-0.7519
2023-07-10,15.07,,
2023-07-11,14.84,,
2023-07-12,13.54,,
2023-07-13,13.61,,
2023-07-14,13.34,-0.249,-0.6821
2023-07-17,13.48,,
2023-07-18,13.3,,
2023-07-19,13.76,,
2023-07-20,13.99,,
2023-07-21,13.6,-0.264,-0.7272
2023-07-24,13.91,,
2023-07-25,13.86,,
2023-07-26,13.19,,
2023-07-27,14.41,,
2023-07-28,13.33,-0.28,-0.7576
2023-07-31,13.63,,
2023-08-01,13.93,,
2023-08-02,16.09,,
2023-08-03,15.92,,
2023-08-04,17.1,-0.297,-0.7181
2023-08-07,15.77,,
2023-08-08,15.99,,
2023-08-09,15.96,,
2023-08-10,15.85,,
2023-08-11,14.84,-0.313,-0.6533
2023-08-14,14.82,,
2023-08-15,16.46,,
2023-08-16,16.78,,
2023-08-17,17.89,,
2023-08-18,17.3,-0.325,-0.6227
2023-08-21,17.13,,
2023-08-22,16.97,,
2023-08-23,15.98,,
2023-08-24,17.2,,
2023-08-25,15.68,-0.334,-0.6736
2023-08-28,15.08,,
2023-08-29,14.45,,
2023-08-30,13.88,,
2023-08-31,13.57,,
2023-09-01,13.09,-0.339,-0.6791
2023-09-04,13.82,,
2023-09-05,14.01,,
2023-09-06,14.45,,
2023-09-07,14.4,,
2023-09-08,13.84,-0.339,-0.7146
2023-09-11,13.8,,
2023-09-12,14.23,,
2023-09-13,13.48,,
2023-09-14,12.82,,
2023-09-15,13.79,-0.334,-0.7069
2023-09-18,14.0,,
2023-09-19,14.11,,
2023-09-20,15.14,,
2023-09-21,17.54,,
2023-09-22,17.2,-0.325,-0.7164
2023-09-25,16.9,,
2023-09-26,18.94,,
2023-09-27,18.22,,
2023-09-28,17.34,,
2023-09-29,17.52,-0.313,-0.5002
2023-10-02,17.61,,
2023-10-03,19.78,,
2023-10-04,18.58,,
2023-10-05,18.49,,
2023-10-06,17.45,-0.302,-0.4287
2023-10-09,17.7,,
2023-10-10,17.03,,
2023-10-11,16.09,,
2023-10-12,16.69,,
2023-10-13,19.32,-0.292,-0.5273
2023-10-16,17.21,,
2023-10-17,17.88,,
2023-10-18,19.22,,
2023-10-19,21.4,,
2023-10-20,21.71,-0.287,-0.332
2023-10-23,20.37,,
2023-10-24,18.97,,
2023-10-25,20.19,,
2023-10-26,20.68,,
2023-10-27,21.27,-0.286,-0.3384
2023-10-30,19.75,,
2023-10-31,18.14,,
2023-11-01,16.87,,
2023-11-02,15.66,,
2023-11-03,14.91,-0.29,-0.5937
2023-11-06,14.89,,
2023-11-07,14.81,,
2023-11-08,14.45,,
2023-11-09,15.29,,
2023-11-10,14.17,-0.299,-0.716
2023-11-13,14.76,,
2023-11-14,14.16,,
2023-11-15,14.18,,
2023-11-16,14.32,,
2023-11-17,13.8,-0.309,-0.6103
2023-11-20,13.41,,
2023-11-21,13.35,,
2023-11-22,12.85,,
2023-11-23,12.8,,
2023-11-24,12.46,-0.321,-0.7228
2023-11-27,12.69,,
2023-11-28,12.69,,
2023-11-29,12.98,,
2023-11-30,12.92,,
2023-12-01,12.63,-0.331,-0.5186
2023-12-04,13.08,,
2023-12-05,12.85,,
2023-12-06,12.97,,
2023-12-07,13.06,,
2023-12-08,12.35,-0.34,-0.4845
2023-12-11,12.63,,
2023-12-12,12.07,,
2023-12-13,12.19,,
2023-12-14,12.48,,
2023-12-15,12.28,-0.349,-0.5949
2023-12-18,12.56,,
2023-12-19,12.53,,
2023-12-20,13.67,,
2023-12-21,13.65,,
2023-12-22,13.03,-0.358,-0.4218
2023-12-26,12.99,,
2023-12-27,12.43,,
2023-12-28,12.47,,
2023-12-29,12.45,-0.366,-0.4087
2024-01-02,13.2,,
2024-01-03,14.04,,
2024-01-04,14.13,,
2024-01-05,13.35,-0.374,-0.5585
2024-01-08,13.08,,
2024-01-09,12.76,,
2024-01-10,12.69,,
2024-01-11,12.44,,
2024-01-12,12.7,-0.382,-0.7037
2024-01-15,13.25,,
2024-01-16,13.84,,
2024-01-17,14.79,,
2024-01-18,14.13,,
2024-01-19,13.3,-0.389,-0.8064
2024-01-22,13.19,,
2024-01-23,12.55,,
2024-01-24,13.14,,
2024-01-25,13.45,,
2024-01-26,13.26,-0.396,-0.8275
2024-01-29,13.6,,
2024-01-30,13.31,,
2024-01-31,14.35,,
2024-02-01,13.88,,
2024-02-02,13.85,-0.402,-0.7432
2024-02-05,13.67,,
2024-02-06,13.06,,
2024-02-07,12.83,,
2024-02-08,12.79,,
2024-02-09,12.93,-0.41,-0.6003
2024-02-12,13.93,,
2024-02-13,15.85,,
2024-02-14,14.38,,
2024-02-15,14.01,,
2024-02-16,14.24,-0.418,-0.6443
2024-02-19,14.71,,
2024-02-20,15.42,,
2024-02-21,15.34,,
2024-02-22,14.54,,
2024-02-23,13.75,-0.426,-0.6683
2024-02-26,13.74,,
2024-02-27,13.43,,
2024-02-28,13.84,,
2024-02-29,13.4,,
2024-03-01,13.11,-0.432,-0.7832
2024-03-04,13.49,,
2024-03-05,14.46,,
2024-03-06,14.5,,
2024-03-07,14.44,,
2024-03-08,14.74,-0.436,-0.779
2024-03-11,15.22,,
2024-03-12,13.84,,
2024-03-13,13.75,,
2024-03-14,14.4,,
2024-03-15,14.41,-0.437,-0.9211
2024-03-18,14.33,,
2024-03-19,13.82,,
2024-03-20,13.04,,
2024-03-21,12.92,,
2024-03-22,13.06,-0.436,-0.9389
2024-03-25,13.19,,
2024-03-26,13.24,,
2024-03-27,12.78,,
2024-03-28,13.01,,
2024-03-29,,-0.431,-0.9244
2024-04-01,13.65,,
2024-04-02,14.61,,
2024-04-03,14.33,,
2024-04-04,16.35,,
2024-04-05,16.03,-0.425,-0.845
2024-04-08,15.19,,
2024-04-09,14.98,,
2024-04-10,15.8,,
2024-04-11,14.91,,
2024-04-12,17.31,-0.419,-0.7944
2024-04-15,19.23,,
2024-04-16,18.4,,
2024-04-17,18.21,,
2024-04-18,18.0,,
2024-04-19,18.71,-0.414,-0.4191
2024-04-22,16.94,,
2024-04-23,15.69,,
2024-04-24,15.97,,
2024-04-25,15.37,,
2024-04-26,15.03,-0.412,-0.8341
2024-04-29,14.67,,
2024-04-30,15.65,,
2024-05-01,15.39,,
2024-05-02,14.68,,
2024-05-03,13.49,-0.411,-0.8211
2024-05-06,13.49,,
2024-05-07,13.23,,
2024-05-08,13.0,,
2024-05-09,12.69,,
2024-05-10,12.55,-0.412,-0.9094
2024-05-13,13.6,,
2024-05-14,13.42,,
2024-05-15,12.45,,
2024-05-16,12.42,,
2024-05-17,11.99,-0.412,-0.9004
2024-05-20,12.15,,
2024-05-21,11.86,,
2024-05-22,12.29,,
2024-05-23,12.77,,
2024-05-24,11.93,-0.411,-0.9556
2024-05-27,12.36,,
2024-05-28,12.92,,
2024-05-29,14.28,,
2024-05-30,14.47,,
2024-05-31,12.92,-0.407,-0.8496
2024-06-03,13.11,,
2024-06-04,13.16,,
2024-06-05,12.63,,
2024-06-06,12.58,,
2024-06-07,12.22,-0.401,-0.8269
2024-06-10,12.74,,
2024-06-11,12.85,,
2024-06-12,12.04,,
2024-06-13,11.94,,
2024-06-14,12.66,-0.394,-0.8621
2024-06-17,12.75,,
2024-06-18,12.3,,
2024-06-19,12.48,,
2024-06-20,13.28,,
2024-06-21,13.2,-0.386,-0.8215
2024-06-24,13.33,,
2024-06-25,12.84,,
2024-06-26,12.55,,
2024-06-27,12.24,,
2024-06-28,12.44,-0.379,-0.8315
2024-07-01,12.22,,
2024-07-02,12.03,,
2024-07-03,12.09,,
2024-07-04,12.26,,
2024-07-05,12.48,-0.374,-0.8262
2024-07-08,12.37,,
2024-07-09,12.51,,
2024-07-10,12.85,,
2024-07-11,12.92,,
2024-07-12,12.46,-0.368,-0.8172
2024-07-15,13.12,,
2024-07-16,13.19,,
2024-07-17,14.48,,
2024-07-18,15.93,,
2024-07-19,16.52,-0.363,-0.655
2024-07-22,14.91,,
2024-07-23,14.72,,
2024-07-24,18.04,,
2024-07-25,18.46,,
2024-07-26,16.39,-0.359,-0.6179
2024-07-29,16.6,,
2024-07-30,17.69,,
2024-07-31,16.36,,
2024-08-01,18.59,,
2024-08-02,23.39,-0.358,-0.3234
2024-08-05,38.57,,
2024-08-06,27.71,,
2024-08-07,27.85,,
2024-08-08,23.79,,
2024-08-09,20.37,-0.359,-0.1482
2024-08-12,20.71,,
2024-08-13,18.12,,
2024-08-14,16.19,,
2024-08-15,15.23,,
2024-08-16,14.8,-0.368,-0.7284
2024-08-19,14.65,,
2024-08-20,15.88,,
2024-08-21,16.27,,
2024-08-22,17.55,,
2024-08-23,15.86,-0.378,-0.6371
2024-08-26,16.15,,
2024-08-27,15.43,,
2024-08-28,17.11,,
2024-08-29,15.65,,
2024-08-30,15.0,-0.39,-0.643
2024-09-02,15.55,,
2024-09-03,20.72,,
2024-09-04,21.32,,
2024-09-05,19.9,,
2024-09-06,22.38,-0.401,-0.3793
2024-09-09,19.45,,
2024-09-10,19.08,,
2024-09-11,17.69,,
2024-09-12,17.07,,
2024-09-13,16.56,-0.411,-0.3026
2024-09-16,17.14,,
2024-09-17,17.61,,
2024-09-18,18.23,,
2024-09-19,16.33,,
2024-09-20,16.15,-0.419,-0.4361
2024-09-23,15.89,,
2024-09-24,15.39,,
2024-09-25,15.41,,
2024-09-26,15.37,,
2024-09-27,16.96,-0.426,-0.2664
2024-09-30,16.73,,
2024-10-01,19.26,,
2024-10-02,18.9,,
2024-10-03,20.49,,
2024-10-04,19.21,-0.43,-0.6077
2024-10-07,22.64,,
2024-10-08,21.42,,
2024-10-09,20.86,,
2024-10-10,20.93,,
2024-10-11,20.46,-0.434,-0.5926
2024-10-14,19.7,,
2024-10-15,20.64,,
2024-10-16,19.58,,
2024-10-17,19.11,,
2024-10-18,18.03,-0.439,-0.5257
2024-10-21,18.37,,
2024-10-22,18.2,,
2024-10-23,19.24,,
2024-10-24,19.08,,
2024-10-25,20.33,-0.444,-0.385
2024-10-28,19.8,,
2024-10-29,19.34,,
2024-10-30,20.35,,
2024-10-31,23.16,,
2024-11-01,21.88,-0.45,-0.2896
2024-11-04,21.98,,
2024-11-05,20.49,,
2024-11-06,16.27,,
2024-11-07,15.2,,
2024-11-08,14.94,-0.458,-0.5581
2024-11-11,14.97,,
2024-11-12,14.71,,
2024-11-13,14.02,,
2024-11-14,14.31,,
2024-11-15,16.14,-0.465,-0.7979
2024-11-18,15.58,,
2024-11-19,16.35,,
2024-11-20,17.16,,
2024-11-21,16.87,,
2024-11-22,15.24,-0.47,-0.605
2024-11-25,14.6,,
2024-11-26,14.1,,
2024-11-27,14.1,,
2024-11-28,13.9,,
2024-11-29,13.51,-0.474,-0.6031
2024-12-02,13.34,,
2024-12-03,13.3,,
2024-12-04,13.45,,
2024-12-05,13.54,,
2024-12-06,12.77,-0.476,-0.5181
2024-12-09,14.19,,
2024-12-10,14.18,,
2024-12-11,13.58,,
2024-12-12,13.92,,
2024-12-13,13.81,-0.478,-0.5767
2024-12-16,14.69,,
2024-12-17,15.87,,
2024-12-18,27.62,,
2024-12-19,24.09,,
2024-12-20,18.36,-0.479,-0.498
2024-12-23,16.78,,
2024-12-24,14.27,,
2024-12-26,14.73,,
2024-12-27,15.95,-0.483,-0.6209
2024-12-30,17.4,,
2024-12-31,17.35,,
2025-01-02,17.93,,
2025-01-03,16.13,-0.488,-0.6119
2025-01-06,16.04,,
2025-01-07,17.82,,
2025-01-08,17.7,,
2025-01-09,18.07,,
2025-01-10,19.54,-0.494,-0.7975
2025-01-13,19.19,,
2025-01-14,18.71,,
2025-01-15,16.12,,
2025-01-16,16.6,,
2025-01-17,15.97,-0.499,-0.8179
2025-01-20,15.81,,
2025-01-21,15.06,,
2025-01-22,15.1,,
2025-01-23,15.02,,
2025-01-24,14.85,-0.504,-0.9632
2025-01-27,17.9,,
2025-01-28,16.41,,
2025-01-29,16.56,,
2025-01-30,15.84,,
2025-01-31,16.43,-0.507,-0.7504
2025-02-03,18.62,,
2025-02-04,17.21,,
2025-02-05,15.77,,
2025-02-06,15.5,,
2025-02-07,16.54,-0.506,-0.7737
2025-02-10,15.81,,
2025-02-11,16.02,,
2025-02-12,15.89,,
2025-02-13,15.1,,
2025-02-14,14.77,-0.501,-0.8244
2025-02-17,15.37,,
2025-02-18,15.35,,
2025-02-19,15.27,,
2025-02-20,15.66,,
2025-02-21,18.21,-0.492,-0.7515
2025-02-24,18.98,,
2025-02-25,19.43,,
2025-02-26,19.1,,
2025-02-27,21.13,,
2025-02-28,19.63,-0.479,-0.4361
2025-03-03,22.78,,
2025-03-04,23.51,,
2025-03-05,21.93,,
2025-03-06,24.87,,
2025-03-07,23.37,-0.462,-0.3438
2025-03-10,27.86,,
2025-03-11,26.92,,
2025-03-12,24.23,,
2025-03-13,24.66,,
2025-03-14,21.77,-0.443,-0.2069
2025-03-17,20.51,,
2025-03-18,21.7,,
2025-03-19,19.9,,
2025-03-20,19.8,,
2025-03-21,19.28,-0.425,-0.6351
2025-03-24,17.48,,
2025-03-25,17.15,,
2025-03-26,18.33,,
2025-03-27,18.69,,
2025-03-28,21.65,-0.408,-0.618
2025-03-31,22.28,,
2025-04-01,21.77,,
2025-04-02,21.51,,
2025-04-03,30.02,,
2025-04-04,45.31,-0.393,0.1167
2025-04-07,46.98,,
2025-04-08,52.33,,
2025-04-09,33.62,,
2025-04-10,40.72,,
2025-04-11,37.56,-0.383,0.5834
2025-04-14,30.89,,
2025-04-15,30.12,,
2025-04-16,32.64,,
2025-04-17,29.65,,
2025-04-18,,-0.383,-0.1887
2025-04-21,33.82,,
2025-04-22,30.57,,
2025-04-23,28.45,,
2025-04-24,26.47,,
2025-04-25,24.84,-0.39,-0.2566
2025-04-28,25.15,,
2025-04-29,24.17,,
2025-04-30,24.7,,
2025-05-01,24.6,,
2025-05-02,22.68,-0.403,-0.3264
2025-05-05,23.64,,
2025-05-06,24.76,,
2025-05-07,23.55,,
2025-05-08,22.48,,
2025-05-09,21.9,-0.42,-0.4648
2025-05-12,18.39,,
2025-05-13,18.22,,
2025-05-14,18.62,,
2025-05-15,17.83,,
2025-05-16,17.24,-0.438,-0.8942
2025-05-19,18.14,,
2025-05-20,18.09,,
2025-05-21,20.87,,
2025-05-22,20.28,,
2025-05-23,22.29,-0.453,-0.4941
2025-05-26,20.57,,
2025-05-27,18.96,,
2025-05-28,19.31,,
2025-05-29,19.18,,
2025-05-30,18.57,-0.465,-0.5242
2025-06-02,18.36,,
2025-06-03,17.69,,
2025-06-04,17.61,,
2025-06-05,18.48,,
2025-06-06,16.77,-0.474,-0.7981
2025-06-09,17.16,,
2025-06-10,16.95,,
2025-06-11,17.26,,
2025-06-12,18.02,,
2025-06-13,20.82,-0.482,-0.7744
2025-06-16,19.11,,
2025-06-17,21.6,,
2025-06-18,20.14,,
2025-06-19,22.17,,
2025-06-20,20.62,-0.488,-0.6433
2025-06-23,19.83,,
2025-06-24,17.48,,
2025-06-25,16.76,,
2025-06-26,16.59,,
2025-06-27,16.32,-0.495,-0.6904
2025-06-30,16.73,,
2025-07-01,16.83,,
2025-07-02,16.64,,
2025-07-03,16.38,,
2025-07-04,17.48,-0.501,-0.8706
2025-07-07,17.79,,
2025-07-08,16.81,,
2025-07-09,15.94,,
2025-07-10,15.78,,
2025-07-11,16.4,-0.508,-0.7502
2025-07-14,17.2,,
2025-07-15,17.38,,
2025-07-16,17.16,,
2025-07-17,16.52,,
2025-07-18,16.41,-0.513,-0.7133
2025-07-21,16.65,,
2025-07-22,16.5,,
2025-07-23,15.37,,
2025-07-24,15.39,,
2025-07-25,14.93,-0.517,-0.7908
2025-07-28,15.03,,
2025-07-29,15.98,,
2025-07-30,15.48,,
2025-07-31,16.72,,
2025-08-01,20.38,-0.52,-0.6731
2025-08-04,17.52,,
2025-08-05,17.85,,
2025-08-06,16.77,,
2025-08-07,16.57,,
2025-08-08,15.15,-0.521,-0.5593
2025-08-11,16.25,,
2025-08-12,14.73,,
2025-08-13,14.49,,
2025-08-14,14.83,,
2025-08-15,15.09,-0.524,-0.8159
2025-08-18,14.99,,
2025-08-19,15.57,,
2025-08-20,15.69,,
2025-08-21,16.6,,
2025-08-22,14.22,-0.525,-0.7493
2025-08-25,14.79,,
2025-08-26,14.62,,
2025-08-27,14.85,,
2025-08-28,14.43,,
2025-08-29,15.36,-0.526,-0.6007
2025-09-01,16.12,,
2025-09-02,17.17,,
2025-09-03,16.35,,
2025-09-04,15.3,,
2025-09-05,15.18,-0.526,-0.4158
2025-09-08,15.11,,
2025-09-09,15.04,,
2025-09-10,15.35,,
2025-09-11,14.71,,
2025-09-12,14.76,-0.526,-0.5535
2025-09-15,15.69,,
2025-09-16,16.36,,
2025-09-17,15.72,,
2025-09-18,15.7,,
2025-09-19,15.45,-0.525,-0.5889
2025-09-22,16.1,,
2025-09-23,16.64,,
2025-09-24,16.18,,
2025-09-25,16.74,,
2025-09-26,15.29,-0.524,-0.5356
2025-09-29,16.12,,
2025-09-30,16.28,,
2025-10-01,16.29,,
2025-10-02,16.63,,
2025-10-03,16.65,-0.523,-0.49
2025-10-06,16.37,,
2025-10-07,17.24,,
2025-10-08,16.3,,
2025-10-09,16.43,,
2025-10-10,21.66,-0.521,-0.481
2025-10-13,19.03,,
2025-10-14,20.81,,
2025-10-15,20.64,,
2025-10-16,25.31,,
2025-10-17,20.78,-0.518,-0.3578
2025-10-20,18.23,,
2025-10-21,17.87,,
2025-10-22,18.6,,
2025-10-23,17.3,,
2025-10-24,16.37,-0.515,-0.5032
2025-10-27,15.79,,
2025-10-28,16.42,,
2025-10-29,16.92,,
2025-10-30,16.91,,
2025-10-31,17.44,-0.512,-0.459
2025-11-03,17.17,,
2025-11-04,19.0,,
2025-11-05,18.01,,
2025-11-06,19.5,,
2025-11-07,19.08,-0.508,-0.3112
2025-11-10,17.6,,
2025-11-11,17.28,,
2025-11-12,17.51,,
2025-11-13,20.0,,
2025-11-14,19.83,-0.506,-0.5022
2025-11-17,22.38,,
2025-11-18,24.69,,
2025-11-19,23.66,,
2025-11-20,26.42,,
2025-11-21,23.43,-0.506,-0.1259
2025-11-24,20.52,,
2025-11-25,18.56,,
2025-11-26,17.19,,
2025-11-27,17.21,,
2025-11-28,16.35,-0.507,-0.3838
2025-12-01,17.24,,
2025-12-02,16.59,,
2025-12-03,16.08,,
2025-12-04,15.78,,
2025-12-05,15.41,-0.51,-0.4219
2025-12-08,16.66,,
2025-12-09,16.93,,
2025-12-10,15.77,,
2025-12-11,14.85,,
2025-12-12,15.74,-0.515,-0.3543
2025-12-15,16.5,,
2025-12-16,16.48,,
2025-12-17,17.62,,
2025-12-18,16.87,,
2025-12-19,14.91,-0.524,-0.3307
2025-12-22,14.08,,
2025-12-23,14.0,,
2025-12-24,13.47,,
2025-12-26,13.6,-0.536,-0.572
2025-12-29,14.2,,
2025-12-30,14.33,,
2025-12-31,14.95,,
2026-01-02,14.51,-0.547,-0.5562
2026-01-05,14.9,,
2026-01-06,14.75,,
2026-01-07,15.38,,
2026-01-08,15.45,,
2026-01-09,14.49,-0.558,-0.6556
2026-01-12,15.12,,
2026-01-13,15.98,,
2026-01-14,16.75,,
2026-01-15,15.84,,
2026-01-16,15.86,-0.565,-0.6423
2026-01-19,18.84,,
2026-01-20,20.09,,
2026-01-21,16.9,,
2026-01-22,15.64,,
2026-01-23,16.09,-0.566,-0.7065
2026-01-26,16.15,,
2026-01-27,16.35,,
2026-01-28,16.35,,
2026-01-29,16.88,,
2026-01-30,17.44,-0.563,-0.6682
2026-02-02,16.34,,
2026-02-03,18.0,,
2026-02-04,18.64,,
2026-02-05,21.77,,
2026-02-06,17.76,-0.554,-0.6492
2026-02-09,17.36,,
2026-02-10,17.79,,
2026-02-11,17.65,,
2026-02-12,20.82,,
2026-02-13,20.6,-0.541,-0.6056
2026-02-16,21.2,,
2026-02-17,20.29,,
2026-02-18,19.62,,
2026-02-19,20.23,,
2026-02-20,19.09,-0.524,-0.4777
2026-02-23,21.01,,
2026-02-24,19.55,,
2026-02-25,17.93,,
2026-02-26,18.63,,
2026-02-27,19.86,-0.506,-0.433
2026-03-02,21.44,,
2026-03-03,23.57,,
2026-03-04,21.15,,
2026-03-05,23.75,,
2026-03-06,29.49,-0.487,-0.426
2026-03-09,25.5,,
2026-03-10,24.93,,
2026-03-11,24.23,,
2026-03-12,27.29,,
2026-03-13,27.19,-0.472,-0.2977
2026-03-16,23.51,,
2026-03-17,22.37,,
2026-03-18,25.09,,
2026-03-19,24.06,,
2026-03-20,26.78,-0.463,-0.3632
2026-03-23,26.15,,
2026-03-24,26.95,,
2026-03-25,25.33,,
2026-03-26,27.44,,
2026-03-27,31.05,-0.459,-0.1779
2026-03-30,30.61,,
2026-03-31,25.25,,
2026-04-01,24.54,,
2026-04-02,23.87,,
2026-04-03,,-0.464,-0.2284
2026-04-06,24.17,,
2026-04-07,25.78,,
2026-04-08,21.04,,
2026-04-09,19.49,,
2026-04-10,19.23,-0.474,-0.637
2026-04-13,19.12,,
2026-04-14,18.36,,
2026-04-15,18.17,,
2026-04-16,17.94,,
2026-04-17,17.48,-0.485,-0.7473
2026-04-20,18.87,,
2026-04-21,19.5,,
2026-04-22,18.92,,
2026-04-23,19.31,,
2026-04-24,18.71,-0.495,-0.6713
2026-04-27,18.02,,
2026-04-28,17.83,,
2026-04-29,18.81,,
2026-04-30,16.89,,
2026-05-01,16.99,-0.502,-0.6675
2026-05-04,18.29,,
2026-05-05,17.38,,
2026-05-06,17.39,,
2026-05-07,17.08,,
2026-05-08,17.19,-0.507,-0.7564
2026-05-11,18.38,,
2026-05-12,17.99,,
2026-05-13,17.87,,
2026-05-14,17.26,,
2026-05-15,18.43,-0.508,-0.7373
2026-05-18,17.82,,
2026-05-19,18.06,,
2026-05-20,17.44,,
2026-05-21,16.76,,
2026-05-22,16.7,-0.507,-0.7581
2026-05-25,16.59,,
2026-05-26,17.01,,
2026-05-27,16.29,,
2026-05-28,15.74,,
2026-05-29,15.32,-0.505,-0.6761
2026-06-01,16.05,,
2026-06-02,15.77,,
2026-06-03,16.06,,
2026-06-04,15.4,,
2026-06-05,21.51,-0.505,-0.8638
2026-06-08,18.92,,
2026-06-09,19.87,,
2026-06-10,22.22,,
2026-06-11,19.44,,
2026-06-12,17.68,-0.505,-0.7662
2026-06-15,16.2,,
2026-06-16,16.41,,
2026-06-17,18.44,,
2026-06-18,16.4,,
2026-06-19,16.78,-0.507,-0.9497
2026-06-22,17.28,,
2026-06-23,19.49,,
2026-06-24,18.63,,
2026-06-25,18.89,,
2026-06-26,18.41,-0.511,-0.6417
2026-06-29,17.65,,
2026-06-30,16.45,,
2026-07-01,16.59,,
2026-07-02,16.15,,
2026-07-03,15.81,-0.516,-0.7221
2026-07-06,15.57,,
2026-07-07,16.13,,
2026-07-08,16.9,,
2026-07-09,15.84,,
2026-07-10,15.03,-0.522,-0.8825
2026-07-13,17.16,,
2026-07-14,16.5,,
2026-07-15,15.67,,
2026-07-16,16.73,,
2026-07-17,18.77,-0.527,-0.6993
2026-07-20,18.65,,
2026-07-21,17.05,,
2026-07-22,16.64,,
2026-07-23,18.7,,
2026-07-24,18.58,-0.533,-0.826
2026-07-27,18.67,,
2026-07-28,18.21,,
2026-07-29,20.66,,
2026-07-30,17.09,,
2026-07-31,15.99,-0.537,-0.5042
2026-08-03,15.86,,
2026-08-04,16.5,,
2026-08-05,15.81,,
2026-08-06,15.15,,
2026-08-07,14.9,-0.542,-0.7683
2026-08-10,15.46,,
2026-08-11,15.28,,
2026-08-12,14.55,,
2026-08-13,14.63,,
2026-08-14,14.25,-0.547,-0.8273
2026-08-17,15.19,,
2026-08-18,15.84,,
2026-08-19,14.89,,
2026-08-20,16.01,,
2026-08-21,15.13,-0.551,-0.8097
2026-08-24,15.85,,
2026-08-25,15.45,,
2026-08-26,15.21,,
2026-08-27,14.51,,
2026-08-28,14.43,-0.555,-0.8509
2026-08-31,14.92,,
2026-09-01,16.34,,
2026-09-02,15.2,,
2026-09-03,14.32,,
2026-09-04,14.53,-0.558,-0.7893
2026-09-07,15.3,,
2026-09-08,15.72,,
2026-09-09,16.46,,
2026-09-10,17.84,,
2026-09-11,15.84,-0.56,-0.8477
2026-09-14,17.1,,
2026-09-15,17.2,,
2026-09-16,17.71,,
2026-09-17,15.44,,
